"year","iso3c","country","region","rank","eci.value","gdp_real","gdp_nominal","population","gdpr_pc","gdpn_pc"
1994,"sgp","Singapore","ASEAN",19,1.12039,70000285.3885565,73234886.3815535,3389.124,20654.3889773748,21608.7951876513
1994,"mex","Mexico","AP",23,0.820486,661172270.187716,527316144.528337,93541.577,7068.21812708712,5637.23812918331
1994,"ury","Uruguay","MERCOSUR",26,0.688604,15680711.5230446,19298684.4236126,3201.235,4898.3319009834,6028.51225343113
1994,"bra","Brazil","MERCOSUR",28,0.669794,667814227.439532,573703865.22105,159432.909,4188.68495612491,3598.40304501406
1994,"sau","Saudi Arabia","ARAB LEAGUE",34,0.46051,227353014.187499,134147881.446667,18197.011,12493.9757517044,7371.97342171563
1994,"omn","Oman","ARAB LEAGUE",41,0.344128,21727517.2555998,12775839.3520915,2109.246,10301.0825933058,6057.06463451466
1994,"arg","Argentina","MERCOSUR",42,0.341526,150462389.563579,257695548.085185,34399.343,4373.99021148686,7491.29272861941
1994,"jor","Jordan","ARAB LEAGUE",44,0.33084,7434181.1562995,6236725.0753413,4153.717,1789.7659268312,1501.48049935547
1994,"lbn","Lebanon","ARAB LEAGUE",46,0.29651,15870067.9812365,8923420.009444,2974.647,5335.10967225237,2999.82485634228
1994,"mys","Malaysia","ASEAN",48,0.262712,82046487.7058253,80472548.4768385,20206.546,4060.39150411086,3982.49896230848
1994,"ven","Venezuela","MERCOSUR",54,0.13717,118876547.697554,57162982.70896,21626.607,5496.77291946693,2643.17850271011
1994,"col","Colombia","AP",55,0.134558,111426835.837587,95308779.5572499,35915.434,3102.47777703555,2653.69978704002
1994,"qat","Qatar","ARAB LEAGUE",56,0.126833,17279802.1464551,7374450.5494505,495.106,34901.2174089086,14894.6903278298
1994,"chl","Chile","AP",59,0.089813,72755348.9367687,57903019.3072121,14204.726,5121.91146360505,4076.3207475605
1994,"tun","Tunisia","ARAB LEAGUE",60,0.0845727,19402703.3183649,17163868.1398673,8834.117,2196.33759869435,1942.90704321295
1994,"tha","Thailand","ASEAN",61,0.0381673,129030783.775253,146428033.592842,58491.145,2205.98833849556,2503.42224609968
1994,"per","Peru","AP",64,-0.168272,52650242.2412346,44909870.6150342,23511.358,2239.35351761623,1910.13511916386
1994,"pan","Panama","SICA",66,-0.275014,9814717.6113918,8844964.384,2700.823,3633.97290803277,3274.91449236029
1994,"pry","Paraguay","MERCOSUR",68,-0.303608,6425625.7366914,6941028.9043288,4691.695,1369.57447930682,1479.42884273782
1994,"tto","Trinidad and Tobago","CARICOM",70,-0.321752,7240948.544656,4947232.139906,1250.316,5791.29479640027,3956.78543656644
1994,"egy","Egypt","ARAB LEAGUE",71,-0.334148,58452973.0182796,56527978.5306339,60231.864,970.465948360482,938.506212104508
1994,"phl","Philippines","ASEAN",72,-0.360303,66039127.5237027,71002678.8011205,68050.807,970.438565463341,1043.37746944163
1994,"are","United Arab Emirates","ARAB LEAGUE",75,-0.413382,93907566.8351276,59305116.2645056,2232.159,42070.2856898311,26568.4999431069
1994,"cub","Cuba","OTROS LAC",76,-0.428586,26090562.5305417,28448326.7959459,10878.823,2398.28909161788,2615.01881186466
1994,"idn","Indonesia","ASEAN",78,-0.471696,202188475.608944,194352050.093144,NA,NA,NA
1994,"mar","Morocco","ARAB LEAGUE",79,-0.484226,41419013.9656968,33915008.9189984,26421.309,1567.6367119319,1283.62334050135
1994,"bol","Bolivia","CAN",80,-0.502288,6615732.2224605,5981149.2942708,7463.773,886.379076970923,801.357342227691
1994,"lby","Libya","ARAB LEAGUE",82,-0.550879,33682598.0562259,30772527.8973083,4654.483,7236.59277651802,6611.37400164708
1994,"yem","Yemen","ARAB LEAGUE",86,-0.632316,8438067.0474312,4977612.634042,14396.72,586.110381213999,345.746297353981
1994,"ecu","Ecuador","CAN",89,-0.768994,30055033.2444883,20894815.214,11075.454,2713.66151170763,1886.58769329005
1994,"gtm","Guatemala","SICA",91,-0.786431,18401717.6430865,11574236.6277999,9756.398,1886.11797541331,1186.32272154128
1994,"sdn","Sudan","ARAB LEAGUE",93,-0.809113,16705275.6608031,11884304.301174,NA,NA,NA
1994,"syr","Syria","ARAB LEAGUE",94,-0.809339,17350386.7760261,12376557.1670979,13945.646,1244.14363995946,887.485396309206
1994,"cri","Costa Rica","SICA",95,-0.809441,12361721.2844019,10557529.7113752,3393.575,3642.68397910814,3111.0347381081
1994,"dom","Dominican Republic","SICA",99,-0.913243,19087993.8917081,13893467.4588736,7834.359,2436.44615873591,1773.40194122756
1994,"khm","Cambodia","ASEAN",105,-1.07141,2692067.0266775,2676188.9794716,10430.268,258.101424304486,256.579119488742
1994,"hnd","Honduras","SICA",106,-1.14784,6431986.1597858,4094779.9840821,5457.189,1178.62624141949,750.346008555339
1994,"slv","El Salvador","SICA",107,-1.1797,12305387.3407018,8085600,5677.743,2167.30263076398,1424.08700076773
1994,"jam","Jamaica","CARICOM",108,-1.2048,10319491.7795787,5404010.0023071,2439.839,4229.57899253955,2214.90434504371
1994,"nic","Nicaragua","SICA",110,-1.22499,3999418.3948495,3861460.8793113,4557.125,877.618760698796,847.345833022201
1994,"mrt","Mauritania","ARAB LEAGUE",112,-1.32272,1541260.6743359,1595684.5420028,2267.433,679.738133094076,703.740548013017
1995,"sgp","Singapore","ASEAN",20,1.13185,75095162.063149,87062210.0714349,3482.64,21562.7116392016,24998.9117656246
1995,"mex","Mexico","AP",27,0.73243,623097425.054387,343791453.751699,95392.647,6531.92300088273,3603.96177864421
1995,"bra","Brazil","MERCOSUR",29,0.676931,696019986.350542,768951325.826371,161890.816,4299.31730253643,4749.81437999776
1995,"ury","Uruguay","MERCOSUR",34,0.493218,15453281.355919,21312174.6651441,3224.383,4792.63206508625,6609.69080445595
1995,"mys","Malaysia","ASEAN",37,0.46477,90110906.8699596,95976927.2237408,20725.374,4347.85431953892,4630.8900010075
1995,"arg","Argentina","MERCOSUR",42,0.390194,146181351.433623,258096424.106027,34833.168,4196.61373991659,7409.50188929204
1995,"jor","Jordan","ARAB LEAGUE",47,0.245919,7894083.6895116,6731655.4286795,4320.158,1827.26735677528,1558.19658185638
1995,"col","Colombia","AP",48,0.212431,117223747.433368,110292390.857939,36573.895,3205.12068603489,3015.60418593478
1995,"tha","Thailand","ASEAN",51,0.190147,139531385.503212,168997724.51983,58983.954,2365.58209548332,2865.14743517924
1995,"ven","Venezuela","MERCOSUR",55,0.163429,123574147.965416,74888883.3419724,22092.144,5593.57878372583,3389.84225985366
1995,"sau","Saudi Arabia","ARAB LEAGUE",56,0.148846,227810026.487647,142267647.6072,18567.343,12269.3929060096,7662.25127672818
1995,"lbn","Lebanon","ARAB LEAGUE",58,0.131945,16907168.295678,10965125.0760653,3033.406,5573.65822302653,3614.78980263944
1995,"pan","Panama","SICA",61,-0.0407885,9986639.9214636,9041902.91,2757.004,3622.27980861239,3279.61182138292
1995,"chl","Chile","AP",62,-0.0868762,80487479.8274801,74159566.0832104,14440.103,5573.88543748477,5135.66738985244
1995,"tun","Tunisia","ARAB LEAGUE",63,-0.0934382,19858379.7702,19795275.5855141,8982.649,2210.74871902487,2203.72359929839
1995,"per","Peru","AP",65,-0.155875,57183016.8437678,53666277.5147929,23939.261,2388.67093030849,2241.76834509607
1995,"are","United Arab Emirates","ARAB LEAGUE",66,-0.164771,101625305.989396,65743610.5494416,2346.305,43312.9137044826,28020.0615646481
1995,"tto","Trinidad and Tobago","CARICOM",67,-0.183422,7527451.4997864,5329201.0835947,1255.001,5997.96454328435,4246.37198185077
1995,"pry","Paraguay","MERCOSUR",69,-0.226272,6775071.686671,8065636.9886013,4801.834,1410.93417362429,1679.69925420189
1995,"cub","Cuba","OTROS LAC",70,-0.24217,26731660.1006193,30428508.8208511,10932.013,2445.26420711531,2783.43145227243
1995,"omn","Oman","ARAB LEAGUE",71,-0.252858,22776569.4677881,13650077.2675568,2154.6,10571.1359267558,6335.31851274334
1995,"phl","Philippines","ASEAN",73,-0.29849,69128895.0459611,82121271.7147805,69606.539,993.137944208964,1179.79248637517
1995,"idn","Indonesia","ASEAN",75,-0.339011,218808658.951964,222081511.608199,NA,NA,NA
1995,"egy","Egypt","ARAB LEAGUE",76,-0.340367,61117070.6054102,65758036.43369,61168.397,999.160900119881,1075.03285452601
1995,"mar","Morocco","ARAB LEAGUE",79,-0.515124,38693870.5921395,36857136.3527725,26833.093,1442.02051519515,1373.57017891201
1995,"qat","Qatar","ARAB LEAGUE",80,-0.515266,17694385.4199037,8137912.0879121,501.154,35307.2816337966,16238.3460730875
1995,"dom","Dominican Republic","SICA",81,-0.558935,20136630.2736339,15519538.7336503,7977.966,2524.03059547182,1945.30018474011
1995,"bol","Bolivia","CAN",85,-0.617126,6924984.8709874,6715147.012105,7635.362,906.962220126223,879.479848120495
1995,"jam","Jamaica","CARICOM",88,-0.668668,10425707.3312815,6544330.2740539,2462.051,4234.56188814996,2658.08071159123
1995,"cri","Costa Rica","SICA",89,-0.67634,12846407.3258476,11715889.1851165,3478.197,3693.40992642096,3368.37999259861
1995,"nic","Nicaragua","SICA",92,-0.752414,4235889.404512,4131858.0696234,4659.458,909.094878527073,886.76796091378
1995,"ecu","Ecuador","CAN",95,-0.843202,30580515.2824686,22720400.176,11315.8,2702.46162732362,2007.847450114
1995,"lby","Libya","ARAB LEAGUE",96,-0.845834,32934707.3078452,28292444.6170693,4747.619,6937.09990372968,5959.29130308673
1995,"kwt","Kuwait","ARAB LEAGUE",97,-0.883835,51471662.2492495,27187119.9999252,1586.123,32451.2425891621,17140.6126762711
1995,"sdn","Sudan","ARAB LEAGUE",99,-0.901576,17707106.4833625,12847187.343205,NA,NA,NA
1995,"gtm","Guatemala","SICA",100,-0.907395,19313325.0679484,13065576.9992905,9983.861,1934.45452294943,1308.66976205804
1995,"syr","Syria","ARAB LEAGUE",101,-0.941207,18569500.9641855,13521033.9857065,14338.24,1295.10323192983,943.005137709126
1995,"hnd","Honduras","SICA",103,-0.971416,6694405.0974231,4724469.8377079,5591.935,1197.15359663928,844.872094848724
1995,"khm","Cambodia","ASEAN",105,-1.03773,2851487.044799,3309356.0013601,10769.198,264.781745567219,307.298278048198
1995,"slv","El Salvador","SICA",109,-1.06759,13092510.176083,9500500,5748.013,2277.74540107738,1652.83203082526
1995,"yem","Yemen","ARAB LEAGUE",114,-1.1945,9843363.9227445,5927078.0491085,15018.201,655.428964011369,394.659656579939
1995,"mrt","Mauritania","ARAB LEAGUE",122,-1.557,1504200.2302071,1680792.5384981,2334.388,644.365988090712,720.014212932083
1996,"sgp","Singapore","ASEAN",21,1.08661,80822339.6153864,95179938.6424388,3570.085,22638.7717982587,26660.412467053
1996,"mex","Mexico","AP",27,0.776578,659702949.301551,397401606.855655,97201.533,6786.9603383884,4088.42941659835
1996,"bra","Brazil","MERCOSUR",32,0.647423,710988083.857236,839683613.570789,164392.423,4324.94436715758,5107.79997184413
1996,"mys","Malaysia","ASEAN",39,0.502035,99124431.159971,108960347.419307,21259.831,4662.522066143,5125.17467421575
1996,"ury","Uruguay","MERCOSUR",41,0.429767,16312727.9874666,22657097.697811,3247.585,5023.03341943832,6976.59882583858
1996,"jor","Jordan","ARAB LEAGUE",50,0.261709,8058529.5507937,6928363.8928068,4450.852,1810.55886621117,1556.63767135074
1996,"arg","Argentina","MERCOSUR",52,0.239445,154260316.396683,272241681.567529,35264.07,4374.43313822491,7720.08680698311
1996,"sau","Saudi Arabia","ARAB LEAGUE",54,0.216431,235518452.462266,157532778.6576,18848.35,12495.4413761558,8357.90818069486
1996,"tha","Thailand","ASEAN",56,0.183915,147434335.649127,182738229.626545,59562.136,2475.30302890963,3068.02680190222
1996,"col","Colombia","AP",58,0.139072,119633697.368738,115830061.208961,37236.124,3212.83969751358,3110.69060810306
1996,"lbn","Lebanon","ARAB LEAGUE",60,0.10608,17775605.6500636,12991961.4282616,3070.984,5788.24430542901,4230.55327812245
1996,"chl","Chile","AP",63,0.0441125,86454424.1562649,77972157.0077814,14662.323,5896.3660912575,5317.85836444753
1996,"are","United Arab Emirates","ARAB LEAGUE",64,0.0089077,107580782.767691,73571223.6251703,2470.81,43540.6942531765,29776.1558457228
1996,"tun","Tunisia","ARAB LEAGUE",65,-0.0189277,21278571.3785995,21504388.9765343,9116.617,2334.04248292974,2358.81237267446
1996,"ven","Venezuela","MERCOSUR",66,-0.039321,123329672.11103,68255644.9191326,22556.838,5467.50710853312,3025.94028999688
1996,"tto","Trinidad and Tobago","CARICOM",67,-0.15813,8057625.0043099,5759637.1063931,1258.365,6403.24945807449,4577.07986664688
1996,"omn","Oman","ARAB LEAGUE",68,-0.163898,23435936.7068533,15108709.1483577,2175.998,10770.2014003934,6943.34698302007
1996,"phl","Philippines","ASEAN",69,-0.198611,73170082.782768,91790470.4304988,71184.718,1027.89032307142,1289.46876533948
1996,"pan","Panama","SICA",70,-0.199957,10267322.8309949,9322100,2814.525,3647.97712970924,3312.13970385767
1996,"per","Peru","AP",71,-0.226513,58623010.8552366,55875605.298913,24365.985,2405.93642552257,2293.18064912676
1996,"idn","Indonesia","ASEAN",72,-0.277266,235915155.974717,249811405.868047,NA,NA,NA
1996,"kwt","Kuwait","ARAB LEAGUE",73,-0.299429,50080536.2428964,31492085.2464151,1585.244,31591.6895083006,19865.7652994839
1996,"qat","Qatar","ARAB LEAGUE",78,-0.429485,18468322.0151478,9059340.6593407,512.476,36037.4378803062,17677.5900907373
1996,"pry","Paraguay","MERCOSUR",79,-0.443279,6803260.6506471,8753353.6938644,4911.701,1385.11294776435,1782.14302822269
1996,"mar","Morocco","ARAB LEAGUE",81,-0.476291,43421194.300468,40939596.2279943,27237.15,1594.19007864141,1503.07929530051
1996,"egy","Egypt","ARAB LEAGUE",82,-0.491704,64244831.1945683,73961364.0549612,62123.592,1034.14546915717,1190.55195737814
1996,"lby","Libya","ARAB LEAGUE",83,-0.498525,33637574.5331455,31284185.6477194,4837.354,6953.71364864872,6467.21030706444
1996,"dom","Dominican Republic","SICA",84,-0.520658,21572646.4426249,16975693.1546629,8118.57,2657.19781225325,2090.97084273005
1996,"bol","Bolivia","CAN",85,-0.548286,7227158.8188352,7396948.36857,7806.953,925.73361448893,947.482118640909
1996,"cri","Costa Rica","SICA",86,-0.579194,12960306.117542,11844416.3481437,3566.605,3633.79351443235,3320.92181448288
1996,"cub","Cuba","OTROS LAC",90,-0.667746,28827088.1199103,25017300,10980.758,2625.2366293757,2278.28534241443
1996,"ecu","Ecuador","CAN",94,-0.867257,31315068.1127431,23926781.875,11557.151,2709.58371252077,2070.30105213646
1996,"khm","Cambodia","ASEAN",95,-0.927341,2982660.6366672,3506718.1257189,11090.611,268.935646256748,316.188001339052
1996,"gtm","Guatemala","SICA",96,-0.95918,19881635.8295701,14070108.8454648,10214.623,1946.38958575075,1377.44768901063
1996,"syr","Syria","ARAB LEAGUE",97,-0.973641,20394084.7192425,15133366.5635119,14746.306,1382.9961699725,1026.24796769522
1996,"hnd","Honduras","SICA",100,-1.01081,6933957.6546272,4867936.8186341,5723.639,1211.45964213103,850.496828789185
1996,"jam","Jamaica","CARICOM",101,-1.04148,10458414.6716826,7367727.4781421,2485.23,4208.22808017069,2964.6058828125
1996,"mrt","Mauritania","ARAB LEAGUE",102,-1.05362,1663005.4938519,1700326.8271677,2403.805,691.822129437246,707.34806990072
1996,"yem","Yemen","ARAB LEAGUE",106,-1.07062,11863748.8969755,7280156.4320413,15578.64,761.539447408471,467.31655857259
1996,"slv","El Salvador","SICA",107,-1.11313,13315814.600498,10315500,5806.75,2293.16133818367,1776.46704266586
1996,"nic","Nicaragua","SICA",112,-1.14855,4504678.870327,4308096.5500563,4756.631,947.031390563405,905.703332895972
1996,"sdn","Sudan","ARAB LEAGUE",115,-1.24338,18755212.2181421,8377204.0182551,NA,NA,NA
1997,"sgp","Singapore","ASEAN",23,1.01931,87698281.2098672,99296148.1495616,3653.156,24006.1692437627,27180.921961603
1997,"bra","Brazil","MERCOSUR",27,0.812385,734985740.820748,871200612.249631,166925.457,4403.07760140353,5219.09975810119
1997,"mex","Mexico","AP",30,0.705636,705637348.361791,480557072.082198,98968.558,7129.91441546305,4855.65397529787
1997,"ury","Uruguay","MERCOSUR",42,0.393172,17117112.5785788,23969738.3892606,3270.549,5233.71231514305,7328.96476685125
1997,"mys","Malaysia","ASEAN",44,0.367355,106383057.368561,108225078.304654,21805.835,4878.65093763027,4963.12470055166
1997,"arg","Argentina","MERCOSUR",46,0.35764,166772460.175567,293005382.691346,35690.778,4672.7045338033,8209.55437540045
1997,"col","Colombia","AP",53,0.189693,123737484.526681,127185005.956716,37901.358,3264.72430161159,3355.68466852074
1997,"tha","Thailand","ASEAN",57,0.140377,143366381.87592,149919042.817631,60206.941,2381.22680698759,2490.06244674731
1997,"ven","Venezuela","MERCOSUR",58,0.122707,131186921.064713,85837678.559247,23020.184,5698.77812726054,3728.80071502673
1997,"lbn","Lebanon","ARAB LEAGUE",60,0.0414658,17195782.5411989,15595180.0967878,3092.718,5560.08745097319,5042.54836580244
1997,"chl","Chile","AP",61,0.0387474,92165239.9899213,85219197.2553954,14872.458,6197.04153744602,5730.00086841028
1997,"jor","Jordan","ARAB LEAGUE",62,0.0094072,8325555.5752344,7245952.045134,4551.911,1829.024243935,1591.84835668668
1997,"tto","Trinidad and Tobago","CARICOM",63,0.0077954,8677426.0901471,5737819.204283,1260.677,6883.1477770651,4551.3793019806
1997,"tun","Tunisia","ARAB LEAGUE",65,-0.0667485,22435989.5663496,20746659.1791062,9237.249,2428.86053697909,2245.97812390964
1997,"are","United Arab Emirates","ARAB LEAGUE",66,-0.0876165,116887468.218763,78836209.1326228,2608.993,44801.7561636858,30217.1025880954
1997,"egy","Egypt","ARAB LEAGUE",67,-0.204289,67772599.3563602,81571756.0416083,63094.069,1074.15166640085,1292.85933423644
1997,"lby","Libya","ARAB LEAGUE",68,-0.205129,35390990.6349762,33193980.3529677,4924.347,7186.94085428509,6740.78824115516
1997,"sau","Saudi Arabia","ARAB LEAGUE",69,-0.212092,241624871.552043,164773904.913067,19060.85,12676.5003424319,8644.62523513207
1997,"phl","Philippines","ASEAN",70,-0.249567,76964216.6516893,91233724.3994267,72780.928,1057.47781412858,1253.53889963352
1997,"idn","Indonesia","ASEAN",71,-0.278167,247002309.702479,237043506.12532,NA,NA,NA
1997,"pry","Paraguay","MERCOSUR",72,-0.30951,7006415.5979232,8872001.7907467,5021.271,1395.34703423161,1766.88368159112
1997,"pan","Panama","SICA",76,-0.388711,10930693.5887757,10084000,2873.288,3804.24572433244,3509.56813239745
1997,"per","Peru","AP",79,-0.46094,62646930.1114847,59130388.8645605,24789.855,2527.11966695589,2385.26562033382
1997,"omn","Oman","ARAB LEAGUE",80,-0.512492,24883516.9140816,15662333.3298093,2177.723,11426.3921141861,7192.0686560271
1997,"mar","Morocco","ARAB LEAGUE",81,-0.569965,42453825.3169405,37336584.7365342,27632.321,1536.38289439894,1351.19249434509
1997,"cri","Costa Rica","SICA",84,-0.616114,13683256.2327706,12829113.9779791,3658.02,3740.61821224887,3507.11969261488
1997,"dom","Dominican Republic","SICA",86,-0.658498,23299379.2454917,19236919.9062772,8256.496,2821.94519872494,2329.91330780966
1997,"kwt","Kuwait","ARAB LEAGUE",87,-0.662303,51332242.8604049,30351196.173211,1635.999,31376.6957439491,18552.0872404023
1997,"bol","Bolivia","CAN",88,-0.707996,7585207.3591049,7925736.3159723,7978.521,950.703439786008,993.384151771024
1997,"ecu","Ecuador","CAN",91,-0.764012,32583621.7461162,26590483.288,11799.289,2761.4902682794,2253.56657405374
1997,"slv","El Salvador","SICA",93,-0.820908,13881249.6950799,11134600,5855.226,2370.7453299121,1901.65161857117
1997,"gtm","Guatemala","SICA",95,-0.84376,20736412.1782698,15855175.0529895,10449.636,1984.41478519154,1517.29448307955
1997,"qat","Qatar","ARAB LEAGUE",96,-0.844711,24011042.1632003,11297802.1978022,529.491,45347.4037579492,21337.0995877214
1997,"cub","Cuba","OTROS LAC",98,-0.900767,29629923.6804694,25366200,11024.249,2687.70450308855,2300.94585127749
1997,"syr","Syria","ARAB LEAGUE",99,-0.926928,21418666.9831389,16175549.0365274,15168.523,1412.04697274342,1066.38919534403
1997,"sdn","Sudan","ARAB LEAGUE",105,-1.07093,19891298.9077564,10241121.4110173,NA,NA,NA
1997,"nic","Nicaragua","SICA",106,-1.08014,4683363.6931845,4389973.3500093,4849.272,965.78696620534,905.28503041473
1997,"hnd","Honduras","SICA",107,-1.10129,7280219.987235,5625881.5915926,5852.719,1243.90389957813,961.242388638956
1997,"khm","Cambodia","ASEAN",108,-1.1105,3150279.9880864,3443471.8259303,11395.958,276.438364206537,302.166068524498
1997,"jam","Jamaica","CARICOM",109,-1.11242,10355473.598749,8413237.918097,2509.439,4126.60901450444,3352.63695116598
1997,"yem","Yemen","ARAB LEAGUE",110,-1.14612,12484325.3229009,7796848.6132979,16088.019,776.001403460606,484.63695954722
1997,"mrt","Mauritania","ARAB LEAGUE",123,-1.63696,1595743.8225478,1652408.2691698,2475.726,644.555909073864,667.443921164862
1998,"sgp","Singapore","ASEAN",19,1.24449,85794949.8241856,85013120.4059907,3735.537,22967.2333118868,22757.9382578705
1998,"mex","Mexico","AP",27,0.797012,738815296.398734,502007957.767925,100678.867,7338.33542642801,4986.22970963633
1998,"bra","Brazil","MERCOSUR",30,0.67393,735245567.308094,843827605.52053,169472.347,4338.43975328963,4979.146276416
1998,"mys","Malaysia","ASEAN",37,0.492737,98553886.4834273,77979892.6894091,22355.057,4408.57236389186,3488.2439659809
1998,"ury","Uruguay","MERCOSUR",40,0.432805,17890616.0829051,25385887.7932247,3291.677,5435.10681118017,7712.14423323573
1998,"jor","Jordan","ARAB LEAGUE",41,0.426885,8576329.2940878,7912411.8476728,4630.762,1852.03413478987,1708.66303378856
1998,"arg","Argentina","MERCOSUR",45,0.3827,173193506.427856,299097908.954477,36109.342,4796.36284781528,8283.11712117261
1998,"col","Colombia","AP",48,0.270366,124442521.0267,117458362.827313,38568.056,3226.5697038684,3045.48310206024
1998,"ven","Venezuela","MERCOSUR",51,0.244529,131572682.976031,91336763.2556157,23482.7,5602.96230740209,3889.53413600718
1998,"sau","Saudi Arabia","ARAB LEAGUE",54,0.208936,248473888.123216,145772731.586667,19282.965,12885.6681596018,7559.66375433793
1998,"tha","Thailand","ASEAN",57,0.156533,132398320.390257,113472860.302876,60903.042,2173.91966053612,1863.17229117843
1998,"chl","Chile","AP",58,0.113026,95142987.1056163,81681340.4013296,15072.409,6312.3941969473,5419.26246835059
1998,"lbn","Lebanon","ARAB LEAGUE",61,0.0734025,17993125.9374578,16910140.8298971,3114.014,5778.11337311194,5430.33551868974
1998,"tun","Tunisia","ARAB LEAGUE",63,-0.0323205,23549478.7374043,21802978.4750488,9347.451,2519.34765289535,2332.5052439482
1998,"are","United Arab Emirates","ARAB LEAGUE",64,-0.0353536,118792651.690101,75674390.6319946,2753.498,43142.4506900317,27483.0018514612
1998,"tto","Trinidad and Tobago","CARICOM",65,-0.0758274,9385167.649885,6043687.1334085,1262.544,7433.53708851731,4786.9120865558
1998,"pan","Panama","SICA",66,-0.140293,11733170.6502386,10932400,2933.1,4000.26274257223,3727.25103133204
1998,"idn","Indonesia","ASEAN",68,-0.205093,214579497.315077,104866011.737721,NA,NA,NA
1998,"pry","Paraguay","MERCOSUR",69,-0.23348,7047727.0106468,7915671.797806,5130.723,1373.63233420452,1542.79850964591
1998,"per","Peru","AP",71,-0.276451,62234743.9871998,56751543.6860068,25206.817,2468.96480373543,2251.43633509962
1998,"egy","Egypt","ARAB LEAGUE",72,-0.319533,70499815.6523939,87146298.1242621,64084.443,1100.10811285968,1359.86667035964
1998,"phl","Philippines","ASEAN",73,-0.328894,76520346.9365291,72206940.4790056,74393.147,1028.59403079869,970.612796888477
1998,"omn","Oman","ARAB LEAGUE",74,-0.349215,25556516.9163381,13929623.2245099,2171.135,11771.0399935232,6415.82546663837
1998,"mar","Morocco","ARAB LEAGUE",77,-0.538029,45712115.4762371,40021694.8818421,28013.585,1631.78384616739,1428.6530939129
1998,"cri","Costa Rica","SICA",78,-0.558168,14832355.0510402,14099606.3755782,3750.585,3954.6777505483,3759.30858134883
1998,"kwt","Kuwait","ARAB LEAGUE",80,-0.57009,53209802.7819394,25945377.0896578,1722.208,30896.2696619336,15065.1820742081
1998,"bol","Bolivia","CAN",82,-0.58026,7966694.339563,8497494.130995,8150.214,977.482841501217,1042.6099401801
1998,"cub","Cuba","OTROS LAC",85,-0.63829,29676063.6552142,25736600,11063.917,2682.23845634545,2326.17435579099
1998,"dom","Dominican Republic","SICA",91,-0.746364,24932816.8603853,20389796.6747653,8392.534,2970.83298803261,2429.51612406519
1998,"lby","Libya","ARAB LEAGUE",92,-0.751991,34133816.0413504,29896770.6493088,5009.24,6814.17062096254,5968.32466587922
1998,"jam","Jamaica","CARICOM",93,-0.810243,10228469.7656694,8742153.2147743,2534.127,4036.28932791032,3449.76917683064
1998,"qat","Qatar","ARAB LEAGUE",94,-0.818379,26704757.5324673,10255494.5054945,550.367,48521.7273791257,18633.919739909
1998,"ecu","Ecuador","CAN",97,-0.880659,33272961.7631513,26162498.59,12042.454,2762.9718795813,2172.52219439659
1998,"gtm","Guatemala","SICA",98,-0.884991,21725180.4951952,17289952.4902575,10691.09,2032.08283675427,1617.2300944298
1998,"syr","Syria","ARAB LEAGUE",102,-1.00661,22871985.4314533,17468375.6906077,15591.261,1466.97470021529,1120.3953093087
1998,"mrt","Mauritania","ARAB LEAGUE",104,-1.04511,1640070.0398417,1440825.3630996,2550.307,643.087298839591,564.961537218696
1998,"slv","El Salvador","SICA",105,-1.0526,14401619.7338749,12008400,5895.018,2443.01539603016,2037.04212608002
1998,"sdn","Sudan","ARAB LEAGUE",107,-1.09713,21530669.8119124,10924153.6112496,NA,NA,NA
1998,"hnd","Honduras","SICA",108,-1.11929,7491461.7876428,6278040.7658116,5980.152,1252.72096556121,1049.81290873737
1998,"khm","Cambodia","ASEAN",114,-1.22151,3308078.5444238,3130078.5225074,11685.332,283.096667208411,267.863893170292
1998,"nic","Nicaragua","SICA",117,-1.35024,4857195.0299737,4635347.5489475,4937.32,983.77156635051,938.83879289726
1998,"yem","Yemen","ARAB LEAGUE",118,-1.40893,13077008.6612897,7250960.8679586,16564.235,789.472538954543,437.748007557162
1999,"sgp","Singapore","ASEAN",15,1.45509,91111468.2640415,84879987.0989819,3822.625,23834.7910831017,22204.6334911172
1999,"mex","Mexico","AP",26,0.891567,758519599.327113,579459832.710931,102316.781,7413.44275996245,5663.389984004
1999,"bra","Brazil","MERCOSUR",28,0.69328,737113570.78355,587122065.743822,172006.362,4285.38550674975,3413.37412707922
1999,"ury","Uruguay","MERCOSUR",34,0.569064,17543679.0811566,23983931.9887471,3308.884,5301.99278099704,7248.34475573852
1999,"mys","Malaysia","ASEAN",36,0.528765,104602741.657076,85513799.5521053,22896.048,4568.59374408527,3734.87160544498
1999,"jor","Jordan","ARAB LEAGUE",37,0.47787,8867034.8964988,8149662.461213,4699.278,1886.89302835431,1734.23714477267
1999,"arg","Argentina","MERCOSUR",42,0.407747,167330108.987423,283664852.426213,36514.558,4582.55879716312,7768.54131511637
1999,"tha","Thailand","ASEAN",48,0.28515,138465227.433307,126448286.858978,61623.143,2246.96795217516,2051.96101177407
1999,"sau","Saudi Arabia","ARAB LEAGUE",49,0.27334,246614157.244077,160957146.666667,19620.692,12569.0855982081,8203.43883216081
1999,"col","Colombia","AP",52,0.165266,119210938.473094,102898121.201315,39234.115,3038.45106415919,2622.66961294565
1999,"lbn","Lebanon","ARAB LEAGUE",53,0.162492,17911603.7141878,17009052.106954,3156.706,5674.14377968294,5388.22814254923
1999,"ven","Venezuela","MERCOSUR",55,0.129339,123717191.006838,97972842.4615131,23945.002,5166.72293478355,4091.57796109239
1999,"chl","Chile","AP",57,0.0892086,94419087.1101777,75117668.401993,15265.536,6185.11443752631,4920.73572798184
1999,"tto","Trinidad and Tobago","CARICOM",60,0.0111368,10134032.4528138,6808966.6449698,1264.781,8012.47998887855,5383.51433565953
1999,"tun","Tunisia","ARAB LEAGUE",63,-0.0684692,24966476.335657,22943285.2823031,9451.481,2641.54118657774,2427.48044272671
1999,"idn","Indonesia","ASEAN",65,-0.117758,216723241.496728,154206282.968111,NA,NA,NA
1999,"phl","Philippines","ASEAN",66,-0.179785,78878640.1039012,82995181.1794372,76018.006,1037.631006842,1091.78319120127
1999,"egy","Egypt","ARAB LEAGUE",68,-0.22815,74807288.1200168,91906116.3092556,65097.777,1149.15272943985,1411.81650963681
1999,"are","United Arab Emirates","ARAB LEAGUE",71,-0.274956,124001834.603492,84445406.5067393,2893.648,42853.1164134311,29183.0265833091
1999,"per","Peru","AP",72,-0.28456,62803651.0698718,51553399.8029557,25611.482,2452.16778435046,2012.90186186632
1999,"pan","Panama","SICA",73,-0.291037,12192783.1643045,11456345,2993.685,4072.83437111937,3826.83715888612
1999,"omn","Oman","ARAB LEAGUE",75,-0.328968,25400668.3794151,15532200.4911066,2172.287,11693.0536247812,7150.16040288719
1999,"pry","Paraguay","MERCOSUR",76,-0.358732,6942261.4040466,7300886.3743719,5240.321,1324.77789128693,1393.21357878113
1999,"cub","Cuba","OTROS LAC",77,-0.358823,31513369.1305575,28365300,11101.58,2838.63820560294,2555.06873796343
1999,"mar","Morocco","ARAB LEAGUE",81,-0.564831,45954123.2418735,39734021.2997489,28374.203,1619.57406316835,1400.35726465159
1999,"qat","Qatar","ARAB LEAGUE",82,-0.575781,27848806.5309977,12393131.8681319,572.155,48673.535197626,21660.4449286153
1999,"bol","Bolivia","CAN",84,-0.595151,8000702.9923568,8285063.9676898,8322.408,961.344720465135,995.512833267703
1999,"lby","Libya","ARAB LEAGUE",87,-0.654841,34389703.3492582,33639771.4361479,5092.939,6752.4278907048,6605.17854938924
1999,"kwt","Kuwait","ARAB LEAGUE",88,-0.656794,52258751.1864156,30123384.3310222,1818.405,28738.7854666126,16565.8279266842
1999,"ecu","Ecuador","CAN",92,-0.73729,31446721.7434845,19008024.651,12286.995,2559.35008873077,1547.00353105051
1999,"mrt","Mauritania","ARAB LEAGUE",93,-0.74992,1749472.5825724,1405659.7126893,2627.739,665.771061194586,534.931251805944
1999,"cri","Costa Rica","SICA",94,-0.757814,16051899.4319843,15796307.442083,3841.734,4178.29538223737,4111.76501082142
1999,"syr","Syria","ARAB LEAGUE",97,-0.799844,22059193.5399215,17806347.826087,15995.76,1379.06504848294,1113.1917349402
1999,"dom","Dominican Republic","SICA",98,-0.826531,26607091.0535234,21439756.337157,8527.881,3120.01199987704,2514.0778039887
1999,"jam","Jamaica","CARICOM",99,-0.848421,10329604.8548606,8831018.0392733,2558.579,4037.24288163883,3451.53229166397
1999,"gtm","Guatemala","SICA",102,-1.02518,22625698.9295506,16329755.0145486,10941.913,2067.80102615974,1492.4040261103
1999,"slv","El Salvador","SICA",103,-1.05008,14898345.7747907,12464700,5928.809,2512.8732895242,2102.3952702811
1999,"khm","Cambodia","ASEAN",106,-1.10452,3702062.6910678,3512777.9947267,11960.467,309.524928338317,293.69906666075
1999,"hnd","Honduras","SICA",109,-1.161,7349908.0038801,6471082.3076159,6107.385,1203.44599265972,1059.55041439436
1999,"sdn","Sudan","ARAB LEAGUE",111,-1.17112,22442536.7184409,10714222.6107328,NA,NA,NA
1999,"nic","Nicaragua","SICA",112,-1.20188,5198946.4841702,4856026.2736414,5021.079,1035.42415567853,967.128036352625
1999,"yem","Yemen","ARAB LEAGUE",117,-1.3804,13666965.2486677,8693539.1272212,17035.531,802.262356757045,510.318059778777
2000,"sgp","Singapore","ASEAN",16,1.39709,99350605.8498646,94308328.2900448,3918.189,25356.2566404695,24069.3668146291
2000,"mex","Mexico","AP",25,0.869657,798694417.101129,683650978.516164,103873.607,7689.09870532491,6581.56579193562
2000,"bra","Brazil","MERCOSUR",29,0.727803,768855134.604697,644728923.433412,174504.898,4405.92294781718,3694.61792088731
2000,"mys","Malaysia","ASEAN",31,0.614031,113869360.647287,97583549.6044737,23420.751,4861.90048505648,4166.54229424469
2000,"jor","Jordan","ARAB LEAGUE",39,0.466712,9243500.3632057,8460682.787024,4767.476,1938.86667981248,1774.66709575969
2000,"ury","Uruguay","MERCOSUR",41,0.363476,17205109.7693496,22823249.5449227,3320.841,5180.94957552909,6872.73180044534
2000,"arg","Argentina","MERCOSUR",44,0.34191,166009893.308346,284345912.956478,36903.067,4498.53919481397,7705.2108692342
2000,"tha","Thailand","ASEAN",45,0.323835,144727764.61929,126147881.159835,62343.379,2321.46166827579,2023.4367014312
2000,"col","Colombia","AP",46,0.285601,122697693.296206,99875768.145309,39897.984,3075.28554064802,2503.27856528563
2000,"sau","Saudi Arabia","ARAB LEAGUE",48,0.242398,258610743.168899,188441849.922667,20144.584,12837.7306361302,9354.46718198137
2000,"chl","Chile","AP",49,0.240556,98657631.2384499,77382810.2277851,15454.402,6383.78833671144,5007.16949305351
2000,"ven","Venezuela","MERCOSUR",57,0.0836191,128278574.764088,117146466.003235,24407.553,5255.69174280142,4799.59896033965
2000,"tun","Tunisia","ARAB LEAGUE",58,0.0161367,26039867.656384,21473485.9162705,9552.776,2725.89534773808,2247.87914175633
2000,"lbn","Lebanon","ARAB LEAGUE",60,0.0120076,18152347.584911,16678606.9651741,3235.38,5610.57668184603,5155.06894558726
2000,"tto","Trinidad and Tobago","CARICOM",61,-0.0236306,10833549.3639135,8154390.1681483,1267.98,8543.94340913382,6431.00850813759
2000,"idn","Indonesia","ASEAN",62,-0.0465448,227425547.625143,165473802.881635,NA,NA,NA
2000,"egy","Egypt","ARAB LEAGUE",65,-0.14477,78834392.557049,95683644.4178511,66136.59,1191.99360833465,1446.75805658942
2000,"phl","Philippines","ASEAN",66,-0.176072,82358152.1556602,81025841.9366291,77651.848,1060.60775470096,1043.45027225404
2000,"omn","Oman","ARAB LEAGUE",68,-0.208679,26577890.5962324,19449967.183355,2192.535,12121.9914830242,8870.99507344467
2000,"per","Peru","AP",71,-0.237957,64656731.1671659,53335627.7936963,26000.08,2486.78970092269,2051.36398786836
2000,"pan","Panama","SICA",72,-0.242967,12523862.7754433,11620549,3054.812,4099.71637385322,3804.01445326259
2000,"are","United Arab Emirates","ARAB LEAGUE",73,-0.263693,139150824.019593,104337472.591695,3026.352,45979.7221273642,34476.3175571431
2000,"qat","Qatar","ARAB LEAGUE",74,-0.405426,30084543.6648029,17759890.1098901,593.693,50673.5697823672,29914.2656387899
2000,"pry","Paraguay","MERCOSUR",77,-0.452485,6711403.5094147,7095379.5082923,5350.253,1254.40862505282,1326.17644591616
2000,"mar","Morocco","ARAB LEAGUE",82,-0.576761,46685973.7527955,37021877.4508827,28710.123,1626.11542112848,1289.50605509014
2000,"kwt","Kuwait","ARAB LEAGUE",83,-0.598712,54706942.0662101,37717816.724119,1906.231,28699.0097560107,19786.5928757422
2000,"lby","Libya","ARAB LEAGUE",85,-0.62552,35193884.8697,38470506.5448843,5176.185,6799.19378262176,7432.21243925484
2000,"dom","Dominican Republic","SICA",86,-0.661183,28112176.0243313,23655297.3344529,8663.421,3244.92784366953,2730.47994948565
2000,"cri","Costa Rica","SICA",87,-0.66427,16340967.0106716,15946615.7394198,3929.588,4158.44282165754,4058.08846612413
2000,"bol","Bolivia","CAN",91,-0.718373,8201345.4247158,8397855.94232,8495.271,965.40127145041,988.533025293719
2000,"ecu","Ecuador","CAN",92,-0.737469,32753307.0825554,18318601,12533.087,2613.34714125541,1461.61923235672
2000,"jam","Jamaica","CARICOM",95,-0.810932,10401022.4584775,9005069.3874242,2582.219,4027.93971327664,3487.33759120516
2000,"slv","El Salvador","SICA",96,-0.843924,15219055.38705,13134200,5958.794,2554.04959242592,2204.17084396608
2000,"cub","Cuba","OTROS LAC",98,-0.937819,33377657.7303717,30565200,11138.416,2996.62516917771,2744.12447874096
2000,"mrt","Mauritania","ARAB LEAGUE",101,-0.977348,1741942.743124,1293655.7804289,2708.095,643.235463720438,477.699556488565
2000,"gtm","Guatemala","SICA",102,-0.985698,23442125.8528778,17195626.8783188,11204.183,2092.26552733723,1534.7506264686
2000,"syr","Syria","ARAB LEAGUE",105,-1.03894,22208234.8463577,19665717.3913043,16371.208,1356.54222011947,1201.23801440335
2000,"hnd","Honduras","SICA",112,-1.21554,7772400.4671345,7187333.0242347,6235.561,1246.46370505148,1152.63615001677
2000,"khm","Cambodia","ASEAN",113,-1.26098,4026639.9818294,3666637.5667591,12222.871,329.434875147533,299.981695524652
2000,"nic","Nicaragua","SICA",114,-1.32059,5412185.5960486,5109587.204747,5100.92,1061.0214620203,1001.69914539867
2000,"yem","Yemen","ARAB LEAGUE",115,-1.33394,14707333.9963045,10864562.8352568,17522.537,839.33816183721,620.03366494571
2000,"sdn","Sudan","ARAB LEAGUE",118,-1.39062,24324630.0135041,13092089.6774884,NA,NA,NA
2001,"sgp","Singapore","ASEAN",14,1.43961,98203704.3434637,87701136.7552732,4023.284,24408.8422153305,21798.3957272897
2001,"mex","Mexico","AP",22,1.11637,793858362.16803,724700371.445061,105339.877,7536.16184845204,6879.63943080227
2001,"mys","Malaysia","ASEAN",27,0.951609,114458834.218959,96537075.7547369,23925.742,4783.91993940915,4034.8623568179
2001,"jor","Jordan","ARAB LEAGUE",34,0.573668,9730623.7682465,8975868.8679424,4835.108,2012.49357165269,1856.39470058216
2001,"tha","Thailand","ASEAN",35,0.562424,149631346.851013,120051854.635971,63069.07,2372.49965555244,1903.49809559537
2001,"bra","Brazil","MERCOSUR",40,0.51321,778951115.997242,554187277.450173,176968.205,4401.64444227279,3131.56409904351
2001,"pan","Panama","SICA",42,0.467628,12595783.9284951,11807500,3116.409,4041.76214626999,3788.81590959338
2001,"tun","Tunisia","ARAB LEAGUE",46,0.254263,27302742.2343049,22065910.9328653,9652.12,2828.67828355894,2286.1206587636
2001,"col","Colombia","AP",47,0.22799,124756435.815615,98211751.4817953,40558.648,3075.95154097876,2421.47498313542
2001,"lbn","Lebanon","ARAB LEAGUE",48,0.195049,18870003.5736435,17065339.9668325,3357.6,5620.08683989859,5082.60065726486
2001,"tto","Trinidad and Tobago","CARICOM",50,0.182834,11285694.1505875,8824817.5767996,1272.347,8869.98134202973,6935.85757407342
2001,"sau","Saudi Arabia","ARAB LEAGUE",53,0.10337,260026879.387695,183012140.209067,20891.594,12446.4834702271,8760.08504708003
2001,"slv","El Salvador","SICA",54,0.0843264,15479139.3637216,13812700,5985.299,2586.19316490648,2307.77109046683
2001,"ury","Uruguay","MERCOSUR",55,0.0642599,16543715.735377,20898758.3010385,3326.762,4972.91833181244,6282.01184846962
2001,"idn","Indonesia","ASEAN",57,0.0445649,235725585.220337,160921000.811185,NA,NA,NA
2001,"arg","Argentina","MERCOSUR",59,0.0075085,158690790.222043,268831125.562781,37273.361,4257.48539880917,7212.41976442052
2001,"phl","Philippines","ASEAN",60,-0.0667033,84741593.9945747,76261997.6903926,79297.756,1068.65059327246,961.71697078531
2001,"ven","Venezuela","MERCOSUR",63,-0.0843247,132632652.46729,122911036.746163,24870.441,5332.94333089188,4942.05296746298
2001,"chl","Chile","AP",64,-0.0882959,101989338.09629,70561680.137722,15639.289,6521.35388611912,4511.82148611244
2001,"cri","Costa Rica","SICA",65,-0.110755,16516861.5937266,16403561.4410207,4013.488,4115.33847708691,4087.10862995497
2001,"gtm","Guatemala","SICA",66,-0.172438,23988720.6748053,18702820.4989634,11478.984,2089.794765356,1629.30974544118
2001,"are","United Arab Emirates","ARAB LEAGUE",70,-0.267841,141065061.316312,103311640.571818,3132.104,45038.4346485021,32984.7414299838
2001,"per","Peru","AP",77,-0.47225,64795675.0810927,53955437.0039447,26372.358,2456.95417456007,2045.90871259766
2001,"mar","Morocco","ARAB LEAGUE",78,-0.475226,50211676.0760495,37724758.3047826,29021.156,1730.17491364057,1299.90543122344
2001,"qat","Qatar","ARAB LEAGUE",79,-0.492541,31257283.547309,17538461.5384615,611.808,51090.0209662329,28666.6103392919
2001,"egy","Egypt","ARAB LEAGUE",81,-0.565762,81612584.8586974,90724340.8439466,67204.189,1214.39728792349,1349.98044309331
2001,"omn","Oman","ARAB LEAGUE",82,-0.579687,28059107.3472614,19399212.1638492,2239.025,12531.8419165759,8664.13379209665
2001,"nic","Nicaragua","SICA",87,-0.637858,5572431.9422612,5351752.1890177,5176.685,1076.44794733719,1033.81839710504
2001,"khm","Cambodia","ASEAN",88,-0.651227,4354733.009962,3991795.0463869,12472.586,349.144356267578,320.045501902084
2001,"jam","Jamaica","CARICOM",89,-0.684027,10534242.111575,9194725.5440172,2604.946,4043.93876555407,3529.71829128788
2001,"bol","Bolivia","CAN",91,-0.694987,8339439.7157584,8141517.3347628,8669.066,961.976724569683,939.14584740303
2001,"kwt","Kuwait","ARAB LEAGUE",94,-0.760536,54825150.6705018,34889597.7914124,1980.604,27681.0259246683,17615.6353271085
2001,"hnd","Honduras","SICA",95,-0.790927,7984050.219563,7652749.6272161,6365.04,1254.35978714399,1202.30974624136
2001,"pry","Paraguay","MERCOSUR",98,-0.857862,6849014.7412967,6445724.8975566,5460.621,1254.2556499154,1180.40144107357
2001,"cub","Cuba","OTROS LAC",100,-0.917511,34439811.6300028,31683300,11175.465,3081.73410502407,2835.0766612396
2001,"dom","Dominican Republic","SICA",102,-0.931224,28620789.80173,24512175.3382421,8799.298,3252.6219479929,2785.69669287733
2001,"ecu","Ecuador","CAN",103,-0.955948,34068558.6748654,24468324,12780.869,2665.59016252067,1914.44916617172
2001,"syr","Syria","ARAB LEAGUE",106,-1.03328,23050682.7909574,21008326.0869565,16700.984,1380.19908233894,1257.90947928317
2001,"lby","Libya","ARAB LEAGUE",112,-1.18215,35373981.5084545,34061327.3426491,5258.677,6726.78346824772,6477.16666048307
2001,"mrt","Mauritania","ARAB LEAGUE",114,-1.21989,1776934.8353767,1295539.110421,2791.403,636.574093879207,464.117546058738
2001,"yem","Yemen","ARAB LEAGUE",118,-1.29711,15579962.5541372,11240446.0098969,18029.989,864.113813610047,623.430552835994
2001,"sdn","Sudan","ARAB LEAGUE",123,-1.8686,26952962.0264555,15716361.2267359,NA,NA,NA
2002,"sgp","Singapore","ASEAN",12,1.51814,102330122.461732,90640320.2671747,4136.239,24739.8959445361,21913.7047610582
2002,"mex","Mexico","AP",23,1.09036,794905604.94605,741562712.556582,106723.661,7448.26027797201,6948.43772794284
2002,"mys","Malaysia","ASEAN",27,1.00246,120629296.597433,104924747.109737,24413.795,4941.03012650975,4297.76473136344
2002,"tha","Thailand","ASEAN",37,0.567655,158893996.841029,134064590.967196,63797.841,2490.58579962023,2101.39698876638
2002,"jor","Jordan","ARAB LEAGUE",38,0.527427,10293420.2815672,9582456.4133654,4902.974,2099.42379493899,1954.41713812176
2002,"bra","Brazil","MERCOSUR",43,0.425962,799656369.539785,506040513.119483,179393.768,4457.54821059216,2820.83663641807
2002,"lbn","Lebanon","ARAB LEAGUE",45,0.253756,19506654.1988099,18712437.8109453,3515.604,5548.59256014326,5322.68077148203
2002,"sau","Saudi Arabia","ARAB LEAGUE",48,0.167896,260359054.444211,188551150.224,21825.217,11929.2767830996,8639.14206323813
2002,"col","Colombia","AP",49,0.165183,127880312.59789,97963002.598621,41216.304,3102.66327126008,2376.80221396419
2002,"tun","Tunisia","ARAB LEAGUE",50,0.135835,27766895.3751475,23141732.0735253,9749.636,2847.99303021646,2373.59959628496
2002,"idn","Indonesia","ASEAN",54,0.0184796,246269609.073446,196128798.829587,NA,NA,NA
2002,"cri","Costa Rica","SICA",55,0.0061437,16996210.9600544,16844494.4934363,4093.84,4151.65491569148,4114.59521950938
2002,"slv","El Salvador","SICA",56,-0.0182467,15841458.3705393,14306719.309,6008.308,2636.59226034007,2381.15611067209
2002,"arg","Argentina","MERCOSUR",57,-0.0291209,141402234.392917,102041772.536201,37627.545,3757.94472886597,2711.89025316961
2002,"ven","Venezuela","MERCOSUR",58,-0.0428146,120887172.490032,92889586.9761833,25333.622,4771.80769848196,3666.65244220441
2002,"phl","Philippines","ASEAN",61,-0.117545,87831248.6739179,81357658.1951829,80953.652,1084.9572132202,1004.99058640595
2002,"chl","Chile","AP",62,-0.16587,104216897.91227,69221066.627825,15819.522,6587.86642935671,4375.67371680541
2002,"tto","Trinidad and Tobago","CARICOM",63,-0.184703,12180704.6331642,9008297.7480589,1277.723,9533.13404639675,7050.27439285268
2002,"ury","Uruguay","MERCOSUR",64,-0.221733,15264557.613589,13606503.9069544,3327.5,4587.39522572171,4089.10710952799
2002,"are","United Arab Emirates","ARAB LEAGUE",66,-0.259795,144497703.07204,109816201.497617,3223.969,44819.8177687316,34062.42476203
2002,"pan","Panama","SICA",67,-0.263196,12876529.7464568,12272400,3178.45,4051.19783116198,3861.12727901965
2002,"dom","Dominican Republic","SICA",68,-0.266667,30277433.2072599,24912878.0093311,8935.261,3388.53372131602,2788.15336332437
2002,"gtm","Guatemala","SICA",71,-0.28457,24916274.6117899,20776549.8683461,11765.738,2117.69755639552,1765.85182062919
2002,"khm","Cambodia","ASEAN",72,-0.289195,4641234.2460656,4289402.4922782,12709.336,365.183062755253,337.500125284138
2002,"nic","Nicaragua","SICA",75,-0.366351,5614444.6762548,5223727.2306307,5248.577,1069.70797537214,995.265427301667
2002,"mar","Morocco","ARAB LEAGUE",76,-0.369812,51876713.2881748,40417642.7442588,29311.443,1769.84508364787,1378.90320665069
2002,"jam","Jamaica","CARICOM",82,-0.505353,10605336.0852788,9719001.9635612,2626.716,4037.48866846618,3700.05815762389
2002,"egy","Egypt","ARAB LEAGUE",83,-0.514916,84212361.1408394,86521730.1386029,68302.914,1232.92486673174,1266.73556180345
2002,"hnd","Honduras","SICA",85,-0.565022,8283799.093252,7860003.3873731,6495.801,1275.25444410197,1210.01295873644
2002,"per","Peru","AP",86,-0.610715,68048536.6649962,56775172.1882554,26729.909,2545.78257879577,2124.0316301958
2002,"kwt","Kuwait","ARAB LEAGUE",89,-0.69874,56480071.1305859,38135756.8341741,2048.232,27575.0359971848,18618.8658482897
2002,"bol","Bolivia","CAN",94,-0.841112,8546722.0405654,7905485.1500697,8843.35,966.457512205827,893.946880997552
2002,"qat","Qatar","ARAB LEAGUE",96,-0.85105,33502345.2184062,19363736.2637363,629.745,53199.8590197718,30748.5351431711
2002,"pry","Paraguay","MERCOSUR",99,-0.874559,7878323.0964853,6325153.6042662,5571.371,1414.07260376042,1135.29571164193
2002,"cub","Cuba","OTROS LAC",100,-0.912247,34931815.6138635,33590400,11212.125,3115.5392589597,2995.89952841232
2002,"omn","Oman","ARAB LEAGUE",102,-0.92934,28638297.4557701,20047752.4759428,2308.409,12406.0759838357,8684.66223963899
2002,"mrt","Mauritania","ARAB LEAGUE",103,-0.967412,1788751.5258863,1324426.2817567,2877.431,621.648799184516,460.280813599596
2002,"lby","Libya","ARAB LEAGUE",105,-0.988361,34931716.8874902,21912650.4591507,5340.389,6541.04352463654,4103.19369228547
2002,"syr","Syria","ARAB LEAGUE",109,-1.04471,24862132.449664,21782045.4545455,16994.676,1462.93653669326,1281.69818915909
2002,"ecu","Ecuador","CAN",110,-1.0689,35464271.4346651,28548945,13030.041,2721.73137710504,2191.0096061862
2002,"yem","Yemen","ARAB LEAGUE",115,-1.34184,16365946.5716566,12247088.2359004,18551.068,882.210478213793,660.182380653254
2002,"sdn","Sudan","ARAB LEAGUE",118,-1.43191,28567366.8621988,18137125.7048996,NA,NA,NA
2003,"sgp","Singapore","ASEAN",10,1.61648,107017103.786806,95956606.174245,4254.766,25152.2889359382,22552.7340808507
2003,"mex","Mexico","AP",23,1.11229,806214482.758081,713282963.920956,108056.312,7461.0586631726,6601.03006218606
2003,"mys","Malaysia","ASEAN",25,0.952954,127611922.563621,114660075.264474,24890.654,5126.9011478614,4606.55132904399
2003,"tha","Thailand","ASEAN",36,0.565745,170296384.280748,151997909.265161,64488.338,2640.73148048486,2356.98288991664
2003,"pan","Panama","SICA",39,0.519131,13418086.1163735,12933200,3240.805,4140.35590428104,3990.73686938893
2003,"bra","Brazil","MERCOSUR",43,0.402049,808825387.988398,552383994.851182,181752.951,4450.13620707813,3039.20234478714
2003,"lbn","Lebanon","ARAB LEAGUE",49,0.0600675,20138160.745346,19801658.3747927,3690.11,5457.33345221308,5366.14311627369
2003,"cri","Costa Rica","SICA",50,0.0585324,18084735.0118132,17517584.7249334,4171.145,4335.67641782129,4199.70648944916
2003,"idn","Indonesia","ASEAN",51,0.0062909,257516488.194859,234772449.22546,218145.617,1180.47977188952,1076.21896077545
2003,"slv","El Salvador","SICA",52,-0.0184345,16205858.8575122,15046660,6029.366,2687.82138246579,2495.56255168454
2003,"col","Colombia","AP",54,-0.0479319,132891010.95666,94641380.0635729,41872.051,3173.74018666198,2260.25183393985
2003,"jor","Jordan","ARAB LEAGUE",55,-0.0575138,10721804.9913598,10195726.3751763,4983.508,2151.45736524549,2045.89344999071
2003,"tun","Tunisia","ARAB LEAGUE",57,-0.0585137,29285764.0293409,27454007.2075801,9847.323,2973.98227206936,2787.96655777211
2003,"gtm","Guatemala","SICA",59,-0.0873807,25546853.5883419,21917577.8957659,12062.835,2117.81505660501,1816.95081593721
2003,"arg","Argentina","MERCOSUR",61,-0.12944,153898028.007219,129595800.911009,37970.411,4053.10408694862,3413.07343001921
2003,"ury","Uruguay","MERCOSUR",64,-0.148124,15387481.3102056,12045652.6093325,3325.411,4627.2419590257,3622.30491489097
2003,"phl","Philippines","ASEAN",66,-0.152521,92196740.0618382,83908155.0471189,82604.681,1116.12004242033,1015.77966322658
2003,"sau","Saudi Arabia","ARAB LEAGUE",67,-0.157952,280300589.479062,214572712.597067,22852.333,12265.7318830013,9389.53202708306
2003,"are","United Arab Emirates","ARAB LEAGUE",68,-0.185471,157214336.283455,124346358.066712,3369.254,46661.4675781212,36906.1988400732
2003,"tto","Trinidad and Tobago","CARICOM",69,-0.193974,13939724.9996045,11305459.8020683,1283.868,10857.5998464052,8805.78050241014
2003,"dom","Dominican Republic","SICA",71,-0.245899,30200709.9390429,20044583.2550609,9071.318,3329.25269944708,2209.66603255017
2003,"chl","Chile","AP",72,-0.258509,108298983.038869,76140677.0162649,15995.658,6770.52379082305,4760.08408133413
2003,"ven","Venezuela","MERCOSUR",74,-0.267535,111512009.541954,83529130.9150312,25797.219,4322.63685252096,3237.91223057924
2003,"hnd","Honduras","SICA",79,-0.398532,8660467.2406692,8233828.7597355,6628.171,1306.61493806801,1242.24748572955
2003,"egy","Egypt","ARAB LEAGUE",82,-0.428912,86834968.3233109,74076435.5951888,69432.477,1250.63906798703,1066.88453006205
2003,"jam","Jamaica","CARICOM",85,-0.518225,10994161.4602737,9430240.1154607,2647.116,4153.26017457252,3562.45820563236
2003,"mar","Morocco","ARAB LEAGUE",86,-0.544348,55153748.1726349,49822634.3559115,29586.937,1864.12497422883,1683.94025903768
2003,"khm","Cambodia","ASEAN",87,-0.626131,5036016.9373713,4664899.3288591,12934.369,389.351574659058,360.659211814593
2003,"bol","Bolivia","CAN",89,-0.644975,8778452.6255126,8082399.9918181,9016.787,973.567704938866,896.372509611029
2003,"mrt","Mauritania","ARAB LEAGUE",90,-0.665757,1895687.6238706,1563074.8593544,2965.667,639.211220905989,527.056766438848
2003,"qat","Qatar","ARAB LEAGUE",91,-0.683828,34748605.4911,23533791.2087912,660.238,52630.4234095887,35644.4058184945
2003,"nic","Nicaragua","SICA",92,-0.690445,5755969.8317597,5322233.7556685,5317.878,1082.38094814505,1000.81907777284
2003,"per","Peru","AP",94,-0.72728,70792443.559679,61356013.7267365,27073.334,2614.8402542398,2266.28954257117
2003,"kwt","Kuwait","ARAB LEAGUE",95,-0.7298,66263015.221769,47873988.0530005,2116.353,31310.0013191415,22620.9843315366
2003,"cub","Cuba","OTROS LAC",97,-0.767991,36256208.1041326,35901500,11245.926,3223.94155040079,3192.40051908576
2003,"ecu","Ecuador","CAN",100,-0.822737,36429920.0442757,32432859,13279.806,2743.2569454912,2442.26903615911
2003,"pry","Paraguay","MERCOSUR",102,-0.922501,8218725.2491949,6588104.8465815,5682.35,1446.36026453754,1159.39793335178
2003,"lby","Libya","ARAB LEAGUE",104,-0.932048,39460494.1027958,26235922.0048155,5422.612,7277.0270310315,4838.24437463265
2003,"syr","Syria","ARAB LEAGUE",106,-0.97292,25009013.3813735,20857533.9805825,17298.476,1445.73506830159,1205.74401933341
2003,"omn","Oman","ARAB LEAGUE",111,-1.02766,28739208.1497889,21542783.6775032,2389.121,12029.1974118468,9017.03332627489
2003,"sdn","Sudan","ARAB LEAGUE",120,-1.4688,30678342.5049945,21355295.4649868,NA,NA,NA
2003,"yem","Yemen","ARAB LEAGUE",127,-1.78474,17308133.1819442,13555490.5204099,19081.306,907.072774889947,710.40685162797
2004,"sgp","Singapore","ASEAN",7,1.86034,116818848.862727,112697318.015219,4375.413,26698.9307895568,25756.9555183063
2004,"mex","Mexico","AP",20,1.10546,840847164.633901,770269863.340609,109381.55,7687.28514666231,7042.04560404025
2004,"mys","Malaysia","ASEAN",23,1.03026,136268397.874622,129795613.713158,25365.089,5372.28148005402,5117.09671955647
2004,"tha","Thailand","ASEAN",34,0.674961,181060566.658205,172637545.861984,65087.4,2781.80671924528,2652.39579184272
2004,"pan","Panama","SICA",41,0.439694,14427405.3301047,14179300,3303.335,4367.52715970518,4292.41963046436
2004,"bra","Brazil","MERCOSUR",43,0.308295,855027858.961834,663732894.846854,184010.283,4646.63085683007,3607.0424110312
2004,"cri","Costa Rica","SICA",46,0.209144,18855046.5074499,18595339.7265553,4246.336,4440.30960042962,4379.14939527991
2004,"phl","Philippines","ASEAN",49,0.115083,98371679.3290403,91371215.3214123,84231.329,1167.87518963449,1084.76521035792
2004,"jor","Jordan","ARAB LEAGUE",50,0.11441,11640363.237452,11411382.2284908,5092.185,2285.92701118518,2240.95986860077
2004,"lbn","Lebanon","ARAB LEAGUE",52,0.102694,21644253.977637,21465339.9668325,3853.582,5616.65846935059,5570.23049381913
2004,"tun","Tunisia","ARAB LEAGUE",53,0.043543,31030950.7588379,31183951.4323948,9947.369,3119.5133867898,3134.89440598763
2004,"sau","Saudi Arabia","ARAB LEAGUE",55,0.0097926,306240070.183831,258742133.333333,23839.231,12846.0548993309,10853.6275072519
2004,"slv","El Salvador","SICA",56,0.0093951,16505766.526917,15798286.86,6050.297,2728.09194770389,2611.15890013333
2004,"col","Colombia","AP",58,-0.0146475,139978117.896641,117081522.238324,42527.623,3291.46347767052,2753.06998085277
2004,"gtm","Guatemala","SICA",59,-0.0181473,26352111.2886671,23965288.3576881,12367.8,2130.70322035181,1937.71635680461
2004,"idn","Indonesia","ASEAN",61,-0.0799561,270471818.10358,256836863.802391,221293.797,1222.22955080652,1160.6148355003
2004,"kwt","Kuwait","ARAB LEAGUE",63,-0.117414,73048189.108114,59436715.3036987,2196.466,33257.1453908752,27060.1572269722
2004,"qat","Qatar","ARAB LEAGUE",64,-0.130224,41426902.4595724,31734169.4145604,720.383,57506.7741181738,44051.8021865596
2004,"tto","Trinidad and Tobago","CARICOM",65,-0.152211,15047943.6814943,13280300.1538606,1290.379,11661.6464476672,10291.7826110473
2004,"arg","Argentina","MERCOSUR",66,-0.156799,167794345.461926,153129434.064858,38308.779,4380.04942579679,3997.24131288178
2004,"ven","Venezuela","MERCOSUR",67,-0.171678,131903772.13803,112451400.422982,26261.326,5022.73846103696,4282.01532637697
2004,"ury","Uruguay","MERCOSUR",68,-0.183675,16157500.8374662,13686372.9689053,3323.822,4861.12097382658,4117.66122521161
2004,"cub","Cuba","OTROS LAC",69,-0.221785,38348509.9462299,38202800,11273.363,3401.69210786789,3388.76695445716
2004,"chl","Chile","AP",71,-0.274654,115897382.881967,99333268.7984513,16168.241,7168.2122305059,6143.72761999597
2004,"jam","Jamaica","CARICOM",72,-0.303337,11139693.9028103,10173236.4379416,2665.68,4178.93141817859,3816.3757232457
2004,"dom","Dominican Republic","SICA",73,-0.309481,30596917.8773561,21582198.3748716,9207.389,3323.08300185385,2344.00853215516
2004,"omn","Oman","ARAB LEAGUE",76,-0.364047,29719216.3372118,24673671.2223667,2464.001,12061.3653716909,10013.6612048318
2004,"are","United Arab Emirates","ARAB LEAGUE",78,-0.399928,172254287.052902,147824249.958067,3658.658,47081.275990514,40403.9541159811
2004,"hnd","Honduras","SICA",80,-0.415811,9200215.4536311,8871002.5844777,6762.426,1360.49037041309,1311.80771286484
2004,"mar","Morocco","ARAB LEAGUE",81,-0.449624,57802157.4801152,56947908.3071938,29855.82,1936.04320632008,1907.43072229112
2004,"egy","Egypt","ARAB LEAGUE",86,-0.518476,90413271.3436177,79187405.1179411,70591.288,1280.79928706808,1121.77305955858
2004,"per","Peru","AP",90,-0.673326,74315593.23686,69701006.8338131,27403.845,2711.86737616054,2543.47544418723
2004,"pry","Paraguay","MERCOSUR",92,-0.746405,8552193.4027829,8033880.8894855,5793.33,1476.21374974029,1386.74663612905
2004,"syr","Syria","ARAB LEAGUE",94,-0.784555,26735275.5366484,24545750.4520796,17676.012,1512.51739004524,1388.6475327172
2004,"nic","Nicaragua","SICA",96,-0.817766,6061736.7626222,5792932.7415678,5386.299,1125.39923287255,1075.49409001762
2004,"bol","Bolivia","CAN",98,-0.834512,9144803.3858629,8773156.9564615,9187.61,995.340832475791,954.890004741331
2004,"khm","Cambodia","ASEAN",99,-0.853889,5556780.1123369,5337889.8225957,13149.386,422.588561347039,405.942134681855
2004,"ecu","Ecuador","CAN",109,-0.972155,39421188.3992815,36591661,13529.091,2913.80909473382,2704.66515451777
2004,"lby","Libya","ARAB LEAGUE",118,-1.25284,41210875.0558497,33292748.6638984,5507,7483.36209476116,6045.53271543461
2004,"yem","Yemen","ARAB LEAGUE",124,-1.47,18110462.1907383,15616652.7245013,19612.696,923.405032675686,796.252219710197
2004,"mrt","Mauritania","ARAB LEAGUE",125,-1.77771,2004635.1367819,1834391.4473208,3055.425,656.090441356571,600.371944106237
2004,"sdn","Sudan","ARAB LEAGUE",126,-1.81195,32266352.5840924,26646006.9238673,NA,NA,NA
2005,"sgp","Singapore","ASEAN",10,1.63234,125428991.572025,125428991.572025,4495.537,27900.7806124218,27900.7806124218
2005,"mex","Mexico","AP",20,1.167,866346484.969952,866346484.969952,110731.826,7823.82550947866,7823.82550947866
2005,"mys","Malaysia","ASEAN",26,0.905804,143534418.452154,143534418.452154,25843.466,5553.99258180594,5553.99258180594
2005,"tha","Thailand","ASEAN",36,0.62603,188620150.176147,188620150.176147,65559.487,2877.08398597059,2877.08398597059
2005,"bra","Brazil","MERCOSUR",41,0.468859,882043948.603915,882043948.603916,186142.403,4738.54390181003,4738.54390181004
2005,"pan","Panama","SICA",42,0.45388,15464700,15464700,3365.929,4594.48193945862,4594.48193945862
2005,"lbn","Lebanon","ARAB LEAGUE",44,0.2867,21860696.5174129,21860696.5174129,3986.865,5483.17952010236,5483.17952010236
2005,"cri","Costa Rica","SICA",47,0.212748,19964925.4873462,19964925.4873462,4320.13,4621.37146042971,4621.37146042971
2005,"jor","Jordan","ARAB LEAGUE",49,0.14718,12588660.0846262,12588660.0846262,5239.417,2402.68336813546,2402.68336813546
2005,"phl","Philippines","ASEAN",52,0.0800698,103071597.717911,103071597.717911,85821.214,1201.00372523175,1201.00372523175
2005,"sau","Saudi Arabia","ARAB LEAGUE",53,0.074287,328461069.720894,328461069.720894,24690.067,13303.3689102947,13303.3689102947
2005,"arg","Argentina","MERCOSUR",54,0.0431832,183196097.4378,183196097.4378,38647.854,4740.13634593528,4740.13634593528
2005,"col","Colombia","AP",55,0.0016483,146566266.31057,146566266.31057,43184.026,3393.99263770752,3393.99263770752
2005,"ven","Venezuela","MERCOSUR",56,-0.0050171,145513489.651872,145513489.651872,26725.897,5444.66251785195,5444.66251785195
2005,"tun","Tunisia","ARAB LEAGUE",58,-0.0138399,32272176.8643219,32272176.8643219,10051.352,3210.72994601342,3210.72994601342
2005,"cub","Cuba","OTROS LAC",59,-0.0332375,42644200,42644200,11292.078,3776.47054864481,3776.47054864481
2005,"ury","Uruguay","MERCOSUR",60,-0.0374541,17362839.378069,17362839.378069,3325.155,5221.66316399356,5221.66316399356
2005,"idn","Indonesia","ASEAN",61,-0.0678491,285868619.205904,285868619.205904,224480.901,1273.46521656158,1273.46521656158
2005,"slv","El Salvador","SICA",63,-0.103219,17093794.094,17093794.094,6072.538,2814.93406776541,2814.93406776541
2005,"tto","Trinidad and Tobago","CARICOM",64,-0.133147,15982390.2998491,15982390.2998491,1296.933,12323.2197036,12323.2197036
2005,"gtm","Guatemala","SICA",66,-0.210492,27211219.6708277,27211219.6708277,12678.919,2146.17820894886,2146.17820894886
2005,"chl","Chile","AP",67,-0.219227,123056032.393045,123056032.393045,16337.749,7532.006544662,7532.006544662
2005,"hnd","Honduras","SICA",69,-0.231615,9756909.7668417,9756909.7668417,6898.825,1414.28573225755,1414.28573225755
2005,"are","United Arab Emirates","ARAB LEAGUE",71,-0.256694,180617467.954255,180617467.954255,4148.883,43533.9988990422,43533.9988990422
2005,"omn","Oman","ARAB LEAGUE",72,-0.263843,30904921.2743823,30904921.2743823,2522.325,12252.5532095913,12252.5532095913
2005,"kwt","Kuwait","ARAB LEAGUE",73,-0.285177,80797945.2054795,80797945.2054795,2296.314,35185.9306721465,35185.9306721465
2005,"egy","Egypt","ARAB LEAGUE",75,-0.307626,94456321.806593,94456321.806593,71777.678,1315.95677707202,1315.95677707202
2005,"dom","Dominican Republic","SICA",77,-0.348407,33431035.0917695,33431035.0917695,9343.362,3578.0520001012,3578.0520001012
2005,"jam","Jamaica","CARICOM",78,-0.362442,11239260.2432143,11239260.2432143,2682.149,4190.39368924482,4190.39368924482
2005,"mar","Morocco","ARAB LEAGUE",82,-0.432609,59523801.9140798,59523801.9140798,30125.445,1975.86465242521,1975.86465242521
2005,"per","Peru","AP",86,-0.566789,79388887.411157,79388887.411157,27723.281,2863.6180332031,2863.6180332031
2005,"qat","Qatar","ARAB LEAGUE",88,-0.657989,44530499.464011,44530499.464011,821.159,54228.8393161507,54228.8393161507
2005,"syr","Syria","ARAB LEAGUE",89,-0.671552,28396996.4969604,28396996.4969604,18167.367,1563.07716450933,1563.07716450933
2005,"pry","Paraguay","MERCOSUR",90,-0.677476,8734653.7623676,8734653.7623676,5904.17,1479.40417744875,1479.40417744875
2005,"nic","Nicaragua","SICA",95,-0.723507,6321324.476265,6321324.476265,5455.219,1158.76639897775,1158.76639897775
2005,"ecu","Ecuador","CAN",100,-0.834114,41507085,41507085,13777.131,3012.75243735434,3012.75243735434
2005,"lby","Libya","ARAB LEAGUE",104,-0.9447,45451480.8540929,45451480.8540929,5594.45,8124.38771534162,8124.38771534162
2005,"bol","Bolivia","CAN",109,-0.987831,9549120.15621,9549120.15621,9354.709,1020.78217037109,1020.78217037109
2005,"yem","Yemen","ARAB LEAGUE",111,-1.14422,19041162.9819634,19041162.9819634,20139.661,945.455982698189,945.455982698189
2005,"khm","Cambodia","ASEAN",119,-1.3176,6293048.2590104,6293048.2590104,13356.424,471.162659931311,471.162659931311
2005,"mrt","Mauritania","ARAB LEAGUE",120,-1.38939,2184444.848949,2184444.848949,3146.164,694.32008278939,694.32008278939
2005,"sdn","Sudan","ARAB LEAGUE",123,-1.45605,35182655.0404171,35182655.0404171,NA,NA,NA
2006,"sgp","Singapore","ASEAN",10,1.60513,136244617.046108,145636821.347655,4614.31,29526.5417898035,31561.9933094341
2006,"mex","Mexico","AP",20,1.14522,909675802.91456,966866762.41237,112116.694,8113.65168254569,8623.75376866152
2006,"mys","Malaysia","ASEAN",28,0.887117,151550596.213893,162692260.15507,26327.098,5756.44897184995,6179.65034182917
2006,"tha","Thailand","ASEAN",34,0.693132,197934280.330697,220826400.536607,65883.961,3004.28628343546,3351.74748428691
2006,"pan","Panama","SICA",35,0.663385,16783731.7441778,17137000,3428.509,4895.34422811134,4998.38267888461
2006,"bra","Brazil","MERCOSUR",42,0.435556,916946736.873363,1089254334.21494,188134.315,4873.89414777077,5789.76958145536
2006,"cub","Cuba","OTROS LAC",44,0.360038,47789566.4494498,52742100,11301.1,4228.75352394455,4666.98816929325
2006,"lbn","Lebanon","ARAB LEAGUE",45,0.240166,21991989.2821577,22438474.2951907,4079.823,5390.42730092891,5499.86464981219
2006,"cri","Costa Rica","SICA",48,0.183984,21717773.4215262,22526463.557921,4392.493,4944.2932342809,5128.40055929992
2006,"phl","Philippines","ASEAN",50,0.155371,108475560.845371,122210782.113885,87366.573,1241.6140077438,1398.82769710888
2006,"tun","Tunisia","ARAB LEAGUE",51,0.120845,34096919.8758384,34376639.4793486,10160.243,3355.91578625023,3383.44658482564
2006,"jor","Jordan","ARAB LEAGUE",54,0.0851423,13606760.6175879,15056937.0084626,5428.896,2506.35868095243,2773.48046609524
2006,"sau","Saudi Arabia","ARAB LEAGUE",55,0.0784348,346778501.619648,376900133.511348,25371.936,13667.7982168821,14855.0009550453
2006,"qat","Qatar","ARAB LEAGUE",56,0.0549884,56184653.6796059,60881951.6870879,967.602,58065.8717939875,62920.4483734923
2006,"col","Colombia","AP",58,0.0426336,156382564.35937,162590145.579958,43841.37,3567.009068361,3708.60093058127
2006,"gtm","Guatemala","SICA",59,0.004446,28675131.3455773,30231127.0912032,12995.374,2206.56453177702,2326.29911930224
2006,"idn","Indonesia","ASEAN",60,-0.0387985,301594114.117445,364570515.631625,227709.821,1324.46687100705,1601.03114582671
2006,"ury","Uruguay","MERCOSUR",62,-0.0823001,18074481.3837393,19579486.7285862,3330.217,5427.41850868556,5879.34261598755
2006,"arg","Argentina","MERCOSUR",63,-0.0939059,198705576.183066,214267140.868215,38988.923,5096.46229989646,5495.59014154392
2006,"slv","El Salvador","SICA",64,-0.133418,17762535.1968519,18550740.982,6096.692,2913.47097685957,3042.75515016996
2006,"chl","Chile","AP",65,-0.186316,130063256.026004,154671011.520317,16504.53,7880.45803340077,9371.42781529174
2006,"hnd","Honduras","SICA",67,-0.232589,10397636.6356782,10917518.1328423,7037.428,1477.47680483242,1551.35059752545
2006,"tto","Trinidad and Tobago","CARICOM",68,-0.234286,18093258.2833979,18369105.7382828,1303.478,13880.7546298425,14092.378803695
2006,"jam","Jamaica","CARICOM",72,-0.326299,11562109.1832722,11927672.2404322,2696.227,4288.25509991266,4423.83828974052
2006,"egy","Egypt","ARAB LEAGUE",74,-0.348888,100920759.634935,107741504.113492,72990.754,1382.65128258485,1476.09797418303
2006,"are","United Arab Emirates","ARAB LEAGUE",77,-0.381546,198385312.612473,222116532.963104,4875.639,40689.0896993139,45556.3943440242
2006,"dom","Dominican Republic","SICA",78,-0.395752,36998513.9745326,35779530.3886096,9479.269,3903.09779947511,3774.50311712956
2006,"kwt","Kuwait","ARAB LEAGUE",80,-0.422257,86870084.7907368,101558975.067651,2417.445,35934.6685408507,42010.8730778367
2006,"mar","Morocco","ARAB LEAGUE",81,-0.427558,64142760.9397885,65640217.154443,30395.097,2110.29959666812,2159.56597060516
2006,"ven","Venezuela","MERCOSUR",82,-0.438732,159878798.323302,183477522.123894,27190.882,5879.86805000669,6747.75912469092
2006,"syr","Syria","ARAB LEAGUE",87,-0.499813,29829938.683647,33108815.4446078,18804.914,1586.28423845209,1760.64700134272
2006,"omn","Oman","ARAB LEAGUE",88,-0.500024,32614010.1063918,36804227.9791938,2554.905,12765.2535442186,14405.3215204455
2006,"per","Peru","AP",89,-0.629093,85533981.3018658,92318911.8478822,28030.688,3051.4406675236,3293.49432478725
2006,"pry","Paraguay","MERCOSUR",93,-0.722441,9154539.0731573,10646243.4982045,6014.781,1522.00704783055,1770.01348813939
2006,"ecu","Ecuador","CAN",94,-0.733946,43334860.4598881,46802044,14023.503,3090.15946014973,3337.40036280521
2006,"lby","Libya","ARAB LEAGUE",101,-0.924508,48503809.8115879,55076733.2070905,5686.475,8529.67960143813,9685.5667539364
2006,"nic","Nicaragua","SICA",103,-0.954677,6583790.2428324,6786295.2430047,5524.927,1191.65198795068,1228.30496095328
2006,"bol","Bolivia","CAN",104,-0.962638,10007202.9346389,11451845.9653378,9517.395,1051.46449576159,1203.25424817797
2006,"yem","Yemen","ARAB LEAGUE",106,-1.00233,19924797.6298167,22812476.32782,20661.714,964.334209147252,1104.09409053963
2006,"khm","Cambodia","ASEAN",112,-1.1156,6970872.4409538,7274501.9192104,13555.054,514.263716024577,536.663440751354
2006,"mrt","Mauritania","ARAB LEAGUE",125,-1.72149,2596631.0947503,3040718.5405808,3237.713,801.995450106387,939.156293525955
2006,"sdn","Sudan","ARAB LEAGUE",127,-1.92228,37483192.4644743,45263776.7476131,NA,NA,NA
2007,"sgp","Singapore","ASEAN",15,1.3602,148533268.044443,177866036.465136,4732.065,31388.6787363325,37587.4034834974
2007,"mex","Mexico","AP",23,1.063,938314447.889791,1043472116.96354,113529.819,8264.91626741509,9191.17220616321
2007,"tha","Thailand","ASEAN",34,0.708738,208712670.792149,261826517.072363,66076.927,3158.63161723833,3962.44996490777
2007,"mys","Malaysia","ASEAN",36,0.656868,161096443.84103,193549547.954753,26813.819,6007.96342516633,7218.27606708142
2007,"pan","Panama","SICA",42,0.565018,18816688.3184958,19793700,3491.034,5390.00431347727,5669.86743755575
2007,"bra","Brazil","MERCOSUR",43,0.522518,972801727.777223,1366853758.01958,189996.976,5120.09058384815,7194.08164696042
2007,"lbn","Lebanon","ARAB LEAGUE",45,0.436888,23641782.7884311,25057379.7678275,4139.813,5710.83350586877,6052.78058884
2007,"tun","Tunisia","ARAB LEAGUE",49,0.283629,36229180.4164786,38909899.065705,10273.932,3526.3208298905,3787.24514292142
2007,"jor","Jordan","ARAB LEAGUE",51,0.200849,14719482.1732571,17110615.4238039,5655.856,2602.52067472317,3025.29191404518
2007,"cri","Costa Rica","SICA",52,0.200439,23441153.1268019,26322000.1407766,4463.226,5252.06501458853,5897.52796313174
2007,"col","Colombia","AP",55,0.123749,167173942.843795,207416490.982993,44498.39,3756.85373883853,4661.21338284358
2007,"arg","Argentina","MERCOSUR",56,0.0406665,215900258.30806,262450900.551364,39331.357,5489.2654303298,6672.81580321177
2007,"ury","Uruguay","MERCOSUR",57,0.0165806,19256820.2429877,23410566.8584989,3338.384,5768.30593574247,7012.54464989615
2007,"phl","Philippines","ASEAN",59,0.0004219,115653091.100979,149359946.613405,88875.548,1301.29257938279,1680.55162499144
2007,"dom","Dominican Republic","SICA",60,-0.0801741,40134025.8034501,40952679.3382085,9615.015,4174.0991359296,4259.24237645063
2007,"tto","Trinidad and Tobago","CARICOM",61,-0.0898931,18953449.7206044,21642269.056737,1310.04,14467.840463348,16520.3116368485
2007,"idn","Indonesia","ASEAN",62,-0.0968101,320730327.697464,432216737.774861,230972.808,1388.60643586003,1871.28840627361
2007,"slv","El Salvador","SICA",63,-0.10363,18444632.2242248,20104890.728,6122.952,3012.37576649707,3283.5290441604
2007,"gtm","Guatemala","SICA",65,-0.12565,30482823.6892988,34113089.6617005,13317.931,2288.85580570276,2561.44063681517
2007,"kwt","Kuwait","ARAB LEAGUE",66,-0.16193,92075046.05491,114635467.557819,2554.92,36038.3284231639,44868.5154751691
2007,"chl","Chile","AP",67,-0.17698,136775593.753659,173081288.266607,16668.892,8205.44003486609,10383.4908922925
2007,"qat","Qatar","ARAB LEAGUE",68,-0.20686,66290070.6579409,79711970.9901099,1152.459,57520.5457703405,69166.8605912314
2007,"hnd","Honduras","SICA",72,-0.29232,11041099.0293139,12361260.20201,7178.436,1538.09256352134,1721.99908197412
2007,"mar","Morocco","ARAB LEAGUE",73,-0.305829,65878347.6078611,75223257.5171909,30667.086,2148.17761321898,2452.8987696187
2007,"are","United Arab Emirates","ARAB LEAGUE",75,-0.330549,204702672.483767,257916193.203812,5797.347,35309.7153721809,44488.6588992882
2007,"syr","Syria","ARAB LEAGUE",76,-0.344579,31522665.9312311,40271781.5862894,19561.477,1611.4665539433,2058.72908197522
2007,"sau","Saudi Arabia","ARAB LEAGUE",79,-0.368159,367558441.594191,415964509.673115,25915.624,14182.8898889022,16050.7232885118
2007,"egy","Egypt","ARAB LEAGUE",81,-0.421899,108073848.915628,132165346.645925,74229.577,1455.94051971532,1780.4944065076
2007,"omn","Oman","ARAB LEAGUE",82,-0.436559,34807520.0513111,41900827.8361508,2569.739,13545.1577188621,16305.4799869367
2007,"pry","Paraguay","MERCOSUR",87,-0.538199,9650863.6199345,13794987.2004186,6125.285,1575.57789065072,2252.13801487092
2007,"per","Peru","AP",89,-0.565059,93119581.4076738,107523723.426177,28328.41,3287.14465117081,3795.61448828851
2007,"cub","Cuba","OTROS LAC",90,-0.575049,51260110.2206956,58603500,11301.674,4535.62102576093,5185.38227168825
2007,"jam","Jamaica","CARICOM",92,-0.583829,11727853.3768597,12795561.6095768,2708.152,4330.57427236717,4724.8314014785
2007,"nic","Nicaragua","SICA",97,-0.735288,6914888.5621644,7446634.1413429,5595.533,1235.787289998,1330.81766139935
2007,"ven","Venezuela","MERCOSUR",98,-0.739018,173873914.931589,230364012.575687,27655.937,6287.03756924197,8329.64048824985
2007,"ecu","Ecuador","CAN",104,-0.876178,44283921.6262429,51007800,14268.397,3103.63677337005,3574.87950468437
2007,"bol","Bolivia","CAN",106,-0.921658,10463965.061188,13120084.5069013,9676.456,1081.38403783245,1355.87703875275
2007,"khm","Cambodia","ASEAN",108,-1.0221,7682779.4046771,8639240.6623659,13747.288,558.857820151662,628.432361522207
2007,"yem","Yemen","ARAB LEAGUE",114,-1.1655,20617193.4648189,25633674.7692256,21182.162,973.328098652956,1210.1538440328
2007,"lby","Libya","ARAB LEAGUE",120,-1.454,50971112.5938631,62668056.5735751,5782.108,8815.31659281755,10838.2715393028
2007,"mrt","Mauritania","ARAB LEAGUE",126,-1.83169,2638546.513356,3356758.5335671,3330.037,792.347506455934,1008.02439539474
2007,"sdn","Sudan","ARAB LEAGUE",128,-2.16969,39645351.6976488,59440603.1446853,NA,NA,NA
2008,"sgp","Singapore","ASEAN",7,1.6732,151129102.272744,190589840.107949,4848.676,31169.1485000738,39307.6048199444
2008,"mex","Mexico","AP",20,1.1561,951453574.66739,1101273629.51737,114968.039,8275.80937226728,9578.95463031573
2008,"pan","Panama","SICA",30,0.829491,20720451.1523396,23001600,3553.48,5831.03075079629,6472.97860125848
2008,"tha","Thailand","ASEAN",31,0.813651,212196686.107403,289963312.372708,66185.34,3206.09799855078,4381.08064977392
2008,"mys","Malaysia","ASEAN",34,0.759501,168880253.316639,230811591.30652,27302.348,6185.5578617868,8453.90994600611
2008,"lbn","Lebanon","ARAB LEAGUE",44,0.386141,25840455.9698319,30080265.3399668,4186.088,6172.93663435453,7185.76994558328
2008,"jor","Jordan","ARAB LEAGUE",46,0.305741,15782528.4553816,21972870.894084,5911.202,2669.93556562296,3717.15784608342
2008,"tun","Tunisia","ARAB LEAGUE",47,0.273881,37844908.6834671,44855029.5507145,10391.46,3641.92410724452,4316.52814433338
2008,"cri","Costa Rica","SICA",49,0.256631,24081477.3717357,29837895.7472349,4532.711,5312.81993750224,6582.79244964766
2008,"bra","Brazil","MERCOSUR",52,0.229891,1023022659.3751,1653538072.81915,191765.567,5334.75678339636,8622.70583132972
2008,"col","Colombia","AP",54,0.179321,173103276.416332,243982436.734238,45153.037,3833.70173785502,5403.45573508683
2008,"ury","Uruguay","MERCOSUR",56,0.0846501,20638721.1686943,30366193.3285016,3348.898,6162.8395874387,9067.51812939707
2008,"arg","Argentina","MERCOSUR",57,0.0797291,230491746.472545,328468258.827368,39676.083,5809.33723907536,8278.7471441515
2008,"phl","Philippines","ASEAN",59,0.0063412,120455821.642136,174195184.949251,90371.287,1332.89926082535,1927.55011831635
2008,"slv","El Salvador","SICA",60,0.0005425,18679499.9782008,21430950.6,6151.776,3036.44020494257,3483.70138964748
2008,"idn","Indonesia","ASEAN",61,-0.0322018,340018098.954319,510228634.990598,234243.489,1451.55837801886,2178.19772566058
2008,"egy","Egypt","ARAB LEAGUE",62,-0.0464688,115807920.004853,164843994.477681,75491.922,1534.04386769823,2183.59779577053
2008,"dom","Dominican Republic","SICA",64,-0.0928668,42243341.5944379,45206086.3221934,9750.195,4332.56376866698,4636.42894549221
2008,"gtm","Guatemala","SICA",65,-0.131779,31482983.6350863,39136289.9349804,13648.307,2306.73178989059,2867.48311969978
2008,"are","United Arab Emirates","ARAB LEAGUE",66,-0.133229,211236446.634442,315474615.741321,6798.635,31070.4202585434,46402.6404919989
2008,"sau","Saudi Arabia","ARAB LEAGUE",68,-0.213999,398533254.889971,519796800,26366.358,15115.2182220226,19714.3951394425
2008,"syr","Syria","ARAB LEAGUE",75,-0.323549,32933857.0723729,52557913.1928293,20346.056,1618.68506959643,2583.19908255582
2008,"tto","Trinidad and Tobago","CARICOM",76,-0.335419,19596300.9114712,27870078.3854401,1316.449,14885.7273707308,21170.6479973323
2008,"chl","Chile","AP",79,-0.351429,141278869.120174,179626662.230394,16831.184,8393.87586281357,10672.253492707
2008,"jam","Jamaica","CARICOM",81,-0.382309,11644114.4837145,13707628.3988132,2718.862,4282.71625544603,5041.6786136307
2008,"mar","Morocco","ARAB LEAGUE",83,-0.442448,69558977.9806453,88879240.547977,30955.151,2247.0889572028,2871.22619908968
2008,"qat","Qatar","ARAB LEAGUE",84,-0.451438,77998911.0956395,115270007.218132,1359.114,57389.5281011302,84812.6111703154
2008,"cub","Cuba","OTROS LAC",85,-0.467968,53370400.8124402,60806200,11296.355,4724.56830654138,5382.81596143181
2008,"pry","Paraguay","MERCOSUR",86,-0.515138,10264573.3309242,18503387.8863001,6236.005,1646.0174953234,2967.18618511372
2008,"hnd","Honduras","SICA",88,-0.558599,11508297.6756875,13881714.4248653,7322.368,1571.66338480769,1895.79578967696
2008,"per","Peru","AP",89,-0.624618,102209460.018138,129107141.330583,28625.628,3570.55782385414,4510.19419837996
2008,"omn","Oman","ARAB LEAGUE",91,-0.639578,39389655.0012353,60743946.923277,2593.523,15187.7022109445,23421.4028266867
2008,"ecu","Ecuador","CAN",94,-0.665498,47099108.3587842,61762600,14512.402,3245.43851243813,4255.84958299805
2008,"nic","Nicaragua","SICA",97,-0.710618,7191164.6647908,8254343.8306504,5667.983,1268.73433896869,1456.31061890101
2008,"khm","Cambodia","ASEAN",98,-0.739998,8196880.4251505,10351917.7800617,13940.518,587.989659003381,742.57769905406
2008,"bol","Bolivia","CAN",102,-0.935718,11107342.6353119,16674309.5560914,9834.098,1129.47243715813,1695.56064583568
2008,"yem","Yemen","ARAB LEAGUE",107,-1.0798,21444849.1712828,30397201.2343155,21703.571,988.079296779447,1400.5622039947
2008,"ven","Venezuela","MERCOSUR",110,-1.142,183050726.521345,315600203.539823,28120.312,6509.55531792624,11223.2113050461
2008,"kwt","Kuwait","ARAB LEAGUE",113,-1.2149,94358363.4554089,147380280.181246,2702.221,34918.818059444,54540.4244069031
2008,"lby","Libya","ARAB LEAGUE",119,-1.3325,58429519.5500452,95326564.9772952,5876.805,9942.39549381768,16220.8147075316
2008,"sdn","Sudan","ARAB LEAGUE",127,-1.8114,40510215.390485,63962433.0505791,NA,NA,NA
2008,"mrt","Mauritania","ARAB LEAGUE",128,-1.9608,2619158.7240039,3527112.6908384,3422.901,765.186817849508,1030.44542942913
2009,"sgp","Singapore","ASEAN",8,1.6074,149940023.34178,188829509.569323,4964.312,30203.5857822353,38037.3976432833
2009,"mex","Mexico","AP",24,0.936416,906732032.612939,894950403.874651,116422.752,7788.27176850225,7687.0748071189
2009,"tha","Thailand","ASEAN",34,0.693711,210271035.515572,279728903.465172,66277.335,3172.59339886813,4220.58164325967
2009,"mys","Malaysia","ASEAN",39,0.569709,166324202.169211,202257458.160849,27790.324,5984.96808346714,7277.98129164845
2009,"lbn","Lebanon","ARAB LEAGUE",47,0.313097,28037026.1639714,34650082.9187396,4246.924,6601.72542856227,8158.86578585809
2009,"col","Colombia","AP",49,0.281575,175962162.271559,233821670.220299,45802.561,3841.75378908526,5104.99118641639
2009,"pan","Panama","SICA",51,0.270075,21519513.8864753,24162900,3615.846,5951.44646272969,6682.50251808291
2009,"bra","Brazil","MERCOSUR",53,0.245331,1019633280.22203,1620165226.99377,193490.922,5269.66986193817,8373.33974249071
2009,"jor","Jordan","ARAB LEAGUE",54,0.216508,16649083.0860612,23820013.0591549,6181.307,2693.45675373529,3853.55606171234
2009,"are","United Arab Emirates","ARAB LEAGUE",57,0.165797,201088876.021024,254803460.205854,7718.319,26053.4549065702,33012.8179731693
2009,"tun","Tunisia","ARAB LEAGUE",58,0.16131,39026623.6970785,43455757.0672641,10511.204,3712.8595065873,4134.23210768853
2009,"sau","Saudi Arabia","ARAB LEAGUE",59,0.137277,405823126.660721,429097768.618133,26796.375,15144.702470417,16013.2767442661
2009,"ury","Uruguay","MERCOSUR",60,0.127116,21102187.2165892,30229373.618526,3360.431,6279.60735292265,8995.68347587735
2009,"arg","Argentina","MERCOSUR",61,0.107103,232451482.89963,308739987.469429,40023.641,5807.85448529358,7713.94055501919
2009,"phl","Philippines","ASEAN",62,0.0930817,121839070.599299,168334642.181985,91886.4,1325.97501479326,1831.98647658397
2009,"cri","Costa Rica","SICA",63,0.0669498,23836876.0605428,29382694.8878317,4601.424,5180.3259296563,6385.56561791126
2009,"slv","El Salvador","SICA",65,-0.0837416,18094268.592745,20661032.789,6183.484,2926.22550535345,3341.32550338935
2009,"jam","Jamaica","CARICOM",66,-0.113446,11130466.8612524,12125020.4484194,2729.66,4077.60192157719,4441.95264187459
2009,"egy","Egypt","ARAB LEAGUE",67,-0.13851,121191297.81734,187977667.809198,76775.023,1578.52506038767,2448.4221621034
2009,"idn","Indonesia","ASEAN",69,-0.181814,355757104.975838,539580088.908138,237486.894,1498.00731730416,2272.04154225091
2009,"qat","Qatar","ARAB LEAGUE",70,-0.190592,87324942.5795661,97798481.9373626,1564.082,55831.4350395734,62527.7203735882
2009,"chl","Chile","AP",71,-0.206601,139814610.010483,171956957.293601,16991.729,8228.39217895265,10120.0388314574
2009,"cub","Cuba","OTROS LAC",72,-0.208645,54143800.2372128,62078610,11288.826,4796.22949607097,5499.12010336593
2009,"omn","Oman","ARAB LEAGUE",74,-0.220398,40677368.1089544,48240307.3654096,2663.224,15273.7314281316,18113.4997902578
2009,"ven","Venezuela","MERCOSUR",76,-0.277161,177188888.241397,329418979.506288,28583.04,6199.0917775505,11524.9805306324
2009,"gtm","Guatemala","SICA",77,-0.285452,31648597.5587102,37733815.9208112,13988.988,2262.3936455382,2697.39425902797
2009,"dom","Dominican Republic","SICA",78,-0.315015,43702410.4647372,46485024.4374414,9884.265,4421.41226127964,4702.93182522336
2009,"tto","Trinidad and Tobago","CARICOM",80,-0.373064,18735686.3312762,19175186.9921699,1322.518,14166.6777550674,14498.9988734897
2009,"kwt","Kuwait","ARAB LEAGUE",85,-0.454271,87681468.6505952,105967843.517667,2850.102,30764.3265576443,37180.3688140519
2009,"mar","Morocco","ARAB LEAGUE",86,-0.487263,72868835.5399534,90907274.3294734,31276.564,2329.822276512,2906.56206127609
2009,"syr","Syria","ARAB LEAGUE",88,-0.524164,34880968.4440373,54111735.2415027,21031.546,1658.50710375915,2572.88433487023
2009,"pry","Paraguay","MERCOSUR",90,-0.552009,9857511.5686605,15933721.9118331,6347.383,1553.00405988744,2510.28209765081
2009,"hnd","Honduras","SICA",92,-0.641523,11228451.6160623,14587483.1540982,7469.844,1503.17083142062,1952.849772244
2009,"per","Peru","AP",93,-0.659849,103139208.950426,130143829.808429,28934.303,3564.59973998427,4497.90789183444
2009,"bol","Bolivia","CAN",97,-0.777717,11480243.3674918,17340028.4900285,9993.406,1148.78184349678,1735.14700493791
2009,"nic","Nicaragua","SICA",99,-0.871142,7034498.3597523,8156338.9532583,5743.329,1224.81201403442,1420.1413419392
2009,"ecu","Ecuador","CAN",100,-0.874594,47365920.8475908,62519700,14756.424,3209.85089935006,4236.77850406033
2009,"khm","Cambodia","ASEAN",108,-1.14899,8204000.0666465,10401844.0972782,14144.225,580.02471444328,735.41279902421
2009,"lby","Libya","ARAB LEAGUE",109,-1.19185,57993287.372151,68838153.8625281,5964.325,9723.3613815731,11541.6503732657
2009,"yem","Yemen","ARAB LEAGUE",116,-1.43672,22331552.6104135,28459502.9786636,22229.625,1004.58521501885,1280.25115037539
2009,"irq","Iraq","ARAB LEAGUE",119,-1.70367,45687529.7853908,113766421.446335,30163.199,1514.67786243067,3771.69614689526
2009,"mrt","Mauritania","ARAB LEAGUE",122,-1.83819,2622806.0544545,2881042.0564161,3516.077,745.946705505738,819.391058960341
2009,"sdn","Sudan","ARAB LEAGUE",123,-1.9502,43912386.7111448,60562407.6702489,NA,NA,NA
2010,"sgp","Singapore","ASEAN",9,1.57773,172102337.332278,231697300.468767,5078.969,33885.2899736695,45618.9633110119
2010,"mex","Mexico","AP",24,0.974656,953067839.169767,1051127910.30395,117886.404,8084.62898885072,8916.44731400875
2010,"tha","Thailand","ASEAN",28,0.770573,225693427.893578,338001442.606374,66402.316,3398.8788567793,5090.20562786355
2010,"mys","Malaysia","ASEAN",32,0.681478,178673520.35753,247533525.517698,28275.835,6318.94762285641,8754.24281962665
2010,"pan","Panama","SICA",43,0.461147,23122705.7759419,27053000,3678.128,6286.54189738419,7355.10020314682
2010,"bra","Brazil","MERCOSUR",45,0.378167,1096448453.67362,2143035260.499,195210.154,5616.75932940261,10978.0931810494
2010,"jor","Jordan","ARAB LEAGUE",47,0.350904,17033901.6075858,26425379.3661972,6454.554,2639.0516846843,4094.06743923704
2010,"lbn","Lebanon","ARAB LEAGUE",48,0.327162,29971774.4441132,37124378.1094527,4341.092,6904.20162579213,8551.85241627054
2010,"are","United Arab Emirates","ARAB LEAGUE",50,0.288501,204448610.286498,287422031.026276,8441.537,24219.3584280325,34048.5424664106
2010,"bhr","Bahrain","ARAB LEAGUE",51,0.285502,20927631.3374269,25713272.1968085,1251.513,16721.8649246367,20545.7491826361
2010,"phl","Philippines","ASEAN",54,0.245346,131138165.268088,199590936.106568,93444.322,1403.38291788438,2135.93433859543
2010,"ury","Uruguay","MERCOSUR",55,0.235205,22990203.6881194,38846169.6646564,3371.982,6818.00901906339,11520.2778854266
2010,"tun","Tunisia","ARAB LEAGUE",56,0.197864,40294646.2658664,44320843.3938801,10631.83,3790.00099379565,4168.69376145782
2010,"arg","Argentina","MERCOSUR",57,0.187375,253746170.13736,370263371.074888,40374.224,6284.8556578415,9170.78607070907
2010,"cri","Costa Rica","SICA",60,0.123126,25017831.4667821,36298327.6001555,4669.685,5357.4987320948,7773.18547185849
2010,"col","Colombia","AP",61,0.11754,182951028.672732,287018179.19392,46444.798,3939.10699477543,6179.77021224035
2010,"slv","El Salvador","SICA",63,0.00154048,18341275.6198202,21418300,6218.195,2949.6140953798,3444.45614844822
2010,"sau","Saudi Arabia","ARAB LEAGUE",64,0.00113061,435993725.765959,526811440.718933,27258.387,15994.8468618469,19326.5816029002
2010,"kwt","Kuwait","ARAB LEAGUE",66,-0.0745179,85602888.5527295,119917688.564443,2991.58,28614.6078502763,40085.0682797863
2010,"egy","Egypt","ARAB LEAGUE",67,-0.0887997,127464265.788206,214630247.528884,78075.705,1632.57271629127,2749.00172248056
2010,"chl","Chile","AP",68,-0.12935,147872087.610939,217556231.203571,17150.76,8621.89708274963,12684.9323997054
2010,"idn","Indonesia","ASEAN",69,-0.171946,377898901.817252,709190823.341755,240676.485,1570.15298697441,2946.65606131715
2010,"qat","Qatar","ARAB LEAGUE",70,-0.172933,101935939.423822,125122369.370055,1749.713,58258.6626628607,71510.2244597
2010,"omn","Oman","ARAB LEAGUE",71,-0.199692,42950594.3287994,58813097.1105332,2802.768,15324.3487612244,20983.9334224357
2010,"cub","Cuba","OTROS LAC",72,-0.252382,55436934.3547181,64328220,11281.768,4913.85165469792,5701.96267109907
2010,"syr","Syria","ARAB LEAGUE",74,-0.253691,36080811.1076451,60465112.081724,21532.647,1675.63287075876,2808.06684295359
2010,"dom","Dominican Republic","SICA",75,-0.276047,47089894.5701019,50980195.7617563,10016.797,4701.09303104594,5089.47079208616
2010,"gtm","Guatemala","SICA",80,-0.369729,32569557.807806,41340503.2502269,14341.576,2270.98875380265,2882.56348188141
2010,"tto","Trinidad and Tobago","CARICOM",81,-0.405241,18774771.7037153,20578437.5363533,1328.095,14136.6180158161,15494.7029665448
2010,"pry","Paraguay","MERCOSUR",82,-0.419531,11148155.9207386,20047518.4221742,6459.721,1725.79526588511,3103.46506020526
2010,"ven","Venezuela","MERCOSUR",85,-0.478953,174550915.575899,393807511.437279,29043.283,6010.02701987578,13559.3318233782
2010,"mar","Morocco","ARAB LEAGUE",86,-0.495105,75523463.0916481,90770671.4316696,31642.36,2386.78351082688,2868.64416660671
2010,"per","Peru","AP",90,-0.516999,112194817.452708,157437601.522057,29262.83,3834.03852097381,5380.12220697919
2010,"hnd","Honduras","SICA",94,-0.626741,11647434.9009715,15839324.2943938,7621.204,1528.29328554537,2078.32309624487
2010,"ecu","Ecuador","CAN",95,-0.634284,49035711.0247622,69555367,15001.072,3268.81379042526,4636.69309766662
2010,"bol","Bolivia","CAN",96,-0.65513,11953983.1379504,19649724.6614252,10156.601,1176.96689453001,1934.67525813264
2010,"nic","Nicaragua","SICA",104,-0.951469,7289336.1024389,8586676.8314917,5822.209,1251.98805168947,1474.81425546415
2010,"khm","Cambodia","ASEAN",107,-1.01553,8693196.6383528,11242278.8187738,14364.931,605.168005217206,782.619757712293
2010,"lby","Libya","ARAB LEAGUE",111,-1.20778,60501331.5735904,80942419.6235859,6040.612,10015.7619084938,13399.7051331199
2010,"yem","Yemen","ARAB LEAGUE",117,-1.42617,23603517.8728017,31166734.4712783,22763.008,1036.92437628637,1369.18347835569
2010,"mrt","Mauritania","ARAB LEAGUE",119,-1.62822,2769825.6539403,3155742.6911889,3609.42,767.388016340659,874.307420912196
2010,"sdn","Sudan","ARAB LEAGUE",120,-1.66599,46786792.8521766,69664542.8868211,NA,NA,NA
2010,"irq","Iraq","ARAB LEAGUE",126,-2.51055,48363534.1880141,122040946.581197,30962.38,1562.00958027174,3941.58803622968
2011,"sgp","Singapore","ASEAN",8,1.7388,180983448.965767,265621805.965627,5192.183,34856.9087348745,51158.0208104427
2011,"mys","Malaysia","ASEAN",22,0.968661,187835696.257682,289037624.132773,28758.968,6531.37818636893,10050.3475692442
2011,"mex","Mexico","AP",25,0.916825,990855536.65406,1169691738.72534,119361.233,8301.31787139012,9799.59497172202
2011,"tha","Thailand","ASEAN",32,0.688337,226466375.251439,364705996.816624,66576.332,3401.60487140444,5478.01276911176
2011,"pan","Panama","SICA",33,0.655664,25631795.8030055,31315800,3740.282,6852.90462136425,8372.57725487009
2011,"bra","Brazil","MERCOSUR",42,0.450501,1126413127.22805,2476651196.35304,196935.134,5719.71645865917,12575.974362975
2011,"arg","Argentina","MERCOSUR",43,0.362831,276252323.485201,448165348.300431,40728.738,6782.73712986641,11003.6640050185
2011,"ury","Uruguay","MERCOSUR",44,0.327271,24491637.5936532,46434675.6813314,3383.486,7238.58103555126,13723.9154178062
2011,"bhr","Bahrain","ARAB LEAGUE",45,0.274021,21367118.1554796,29044069.6861702,1292.764,16528.2434810063,22466.6448680271
2011,"lbn","Lebanon","ARAB LEAGUE",46,0.264733,30451255.5396268,40094328.358209,4478.105,6800.03160703619,8953.41407988625
2011,"jor","Jordan","ARAB LEAGUE",48,0.220378,17474531.841556,28840263.4295775,6731.151,2596.0689102883,4284.59611581697
2011,"phl","Philippines","ASEAN",50,0.167047,135909840.360014,224095239.674917,95053.437,1429.82562913547,2357.5711383789
2011,"are","United Arab Emirates","ARAB LEAGUE",51,0.16629,212380820.177304,348595096.042478,8925.096,23795.9143719355,39057.8539482912
2011,"cri","Costa Rica","SICA",52,0.149685,26127272.6984126,41031089.5522649,4737.68,5514.78206599276,8660.58694387652
2011,"col","Colombia","AP",54,0.10266,195108726.229791,336346368.932969,47078.792,4144.30188076599,7144.32878679149
2011,"tun","Tunisia","ARAB LEAGUE",56,0.0536436,39540503.7079394,45980457.9691478,10753.073,3677.13524384512,4276.02955630895
2011,"sau","Saudi Arabia","ARAB LEAGUE",57,0.0449149,473357943.188178,669506763.733333,27761.728,17050.7377346316,24116.1776289045
2011,"chl","Chile","AP",58,0.0196926,156523609.204134,251190532.226176,17308.449,9043.19094126423,14512.5962601372
2011,"cub","Cuba","OTROS LAC",60,-0.038819,56990811.8940595,69511435.768262,11276.053,5054.14544380551,6164.51836190039
2011,"tto","Trinidad and Tobago","CARICOM",62,-0.07185,18473964.1324089,23541803.8454876,1333.082,13858.0853483948,17659.6817341226
2011,"slv","El Salvador","SICA",64,-0.0856451,18747871.5491622,23139000,6256.242,2996.66661698224,3698.54618795117
2011,"egy","Egypt","ARAB LEAGUE",66,-0.171478,129719394.996241,231221953.607512,79392.466,1633.90056427068,2912.39163181443
2011,"omn","Oman","ARAB LEAGUE",67,-0.177714,43075594.1047155,69971919.6644994,3024.774,14240.9297701962,23132.9413914889
2011,"ven","Venezuela","MERCOSUR",69,-0.243342,181840904.278795,316482190.800364,29500.625,6163.96785758929,10727.9825698731
2011,"idn","Indonesia","ASEAN",70,-0.289967,402426062.924425,846341442.72993,243801.639,1650.62903012077,3471.43459002722
2011,"dom","Dominican Republic","SICA",71,-0.297963,49200894.3436978,55433308.7478413,10147.598,4848.52615798318,5462.70247873845
2011,"gtm","Guatemala","SICA",72,-0.312526,33937050.0113689,47688893.478642,14706.578,2307.61024157822,3242.69136427536
2011,"per","Peru","AP",73,-0.314948,119972231.141864,180759904.142914,29614.887,4051.0784708334,6103.68373659214
2011,"jam","Jamaica","CARICOM",74,-0.323894,11152495.8481555,14433933.1305281,2754.669,4048.57928417371,5239.80671744159
2011,"qat","Qatar","ARAB LEAGUE",78,-0.39197,115148537.960643,171476008.188187,1910.902,60258.735382894,89735.6369861913
2011,"pry","Paraguay","MERCOSUR",80,-0.440494,11632062.7428677,25956534.6200106,6573.097,1769.64720631199,3948.90484957252
2011,"syr","Syria","ARAB LEAGUE",85,-0.546836,35351237.1802676,64272534.3926198,21804.363,1621.2919029218,2947.69145022121
2011,"bol","Bolivia","CAN",86,-0.554333,12572473.9078336,23948670.6087859,10324.445,1217.73847483653,2319.6085221807
2011,"ecu","Ecuador","CAN",90,-0.660097,52857066.0545324,79779826,15246.481,3466.83710520037,5232.67146038486
2011,"mar","Morocco","ARAB LEAGUE",91,-0.665896,79288708.5236246,99211393.5507125,32059.424,2473.17944712995,3094.60935888032
2011,"kwt","Kuwait","ARAB LEAGUE",94,-0.688184,90998874.9214381,160602831.818289,3124.705,29122.3891283939,51397.75813022
2011,"hnd","Honduras","SICA",97,-0.731133,12094162.3052554,17710275.9974749,7776.669,1555.1854277526,2277.36013934435
2011,"nic","Nicaragua","SICA",104,-0.869631,7686517.0903935,9636174.5911752,5905.146,1301.66419092661,1631.82664597543
2011,"yem","Yemen","ARAB LEAGUE",107,-0.987555,20590350.6333588,31407355.5512301,23304.206,883.546542343421,1347.7118916315
2011,"khm","Cambodia","ASEAN",111,-1.23983,9307773.2420266,12829542.9345817,14605.862,637.262849808289,878.383140589833
2011,"lby","Libya","ARAB LEAGUE",114,-1.30971,23433229.3106656,40587263.6121977,6103.233,3839.47807836692,6650.12520613218
2011,"mrt","Mauritania","ARAB LEAGUE",122,-1.59218,2911086.7622913,4442567.8805485,3702.763,786.193111006916,1199.79806445849
2011,"irq","Iraq","ARAB LEAGUE",124,-2.23107,52513925.0917151,135333371.412032,31837.015,1649.46132957864,4250.81847063966
2011,"sdn","Sudan","ARAB LEAGUE",125,-2.23657,46269259.6990725,75809634.1143929,NA,NA,NA
2012,"sgp","Singapore","ASEAN",10,1.61342,183370559.0161,276520028.928976,5303.264,34576.9245159396,52141.4790832544
2012,"mys","Malaysia","ASEAN",24,0.991233,198429577.666239,304725697.979164,29239.927,6786.25420871396,10421.5615168658
2012,"mex","Mexico","AP",25,0.989139,1029602723.61711,1183655210.44589,120847.477,8519.85286889448,9794.62078836689
2012,"tha","Thailand","ASEAN",33,0.884297,241039053.263268,385693883.981768,66785.001,3609.1794512853,5775.15726894678
2012,"phl","Philippines","ASEAN",46,0.513679,145171471.757233,250182051.519879,96706.764,1501.15116825989,2587.01709344632
2012,"pan","Panama","SICA",47,0.449375,28367002.410797,36252500,3802.281,7460.52235771028,9534.40842483762
2012,"lbn","Lebanon","ARAB LEAGUE",48,0.4479,30908024.3727207,42490299.5464484,4647.079,6651.06497494893,9143.44248213736
2012,"col","Colombia","AP",50,0.412138,202921434.342373,369812739.540023,47704.427,4253.72333562193,7752.16814867146
2012,"jor","Jordan","ARAB LEAGUE",51,0.39794,17937734.0782094,30937323.943662,7009.444,2559.08087406211,4413.66304426742
2012,"tun","Tunisia","ARAB LEAGUE",52,0.383115,41200255.7005499,45131624.2665143,10874.915,3788.55887154519,4150.0668526158
2012,"cri","Costa Rica","SICA",53,0.362253,27467339.9206168,45107420.0423073,4805.295,5716.0569581299,9387.02411450437
2012,"ury","Uruguay","MERCOSUR",55,0.332386,25455459.0540309,49918724.6052857,3395.253,7497.36736968671,14702.5051167868
2012,"bra","Brazil","MERCOSUR",56,0.315644,1136235330.6359,2254109312.1337,198656.019,5719.61190179644,11346.7959515171
2012,"arg","Argentina","MERCOSUR",57,0.30442,281499952.148876,477028253.903276,41086.927,6851.32650949719,11610.2198128197
2012,"slv","El Salvador","SICA",61,0.185774,19109604.5081692,23864400,6297.394,3034.52579085399,3789.56755762781
2012,"are","United Arab Emirates","ARAB LEAGUE",63,0.103554,221651662.170693,383799046.970728,9205.651,24077.782458915,41691.6790535214
2012,"egy","Egypt","ARAB LEAGUE",65,0.0459505,132591428.630329,254670598.450312,80721.874,1642.5712394924,3154.91434763162
2012,"tto","Trinidad and Tobago","CARICOM",68,-0.00689059,18755193.5107386,23224856.6498769,1337.439,14023.2141508799,17365.1707852671
2012,"idn","Indonesia","ASEAN",69,-0.0199196,427483059.31594,878043028.446047,246864.191,1731.65276658509,3556.78571642676
2012,"dom","Dominican Republic","SICA",70,-0.0206886,51113668.9524191,58897801.997665,10276.621,4973.78164986518,5731.24201015733
2012,"chl","Chile","AP",72,-0.0293834,165219074.958427,268313655.599332,17464.814,9460.11076662065,15363.0983759307
2012,"jam","Jamaica","CARICOM",75,-0.0523836,11102132.5239188,14794795.8525607,2768.941,4009.52296344299,5343.12426756681
2012,"bhr","Bahrain","ARAB LEAGUE",76,-0.0762288,22093505.6973365,30361994.9361702,1317.827,16765.1032323184,23039.4391192245
2012,"sau","Saudi Arabia","ARAB LEAGUE",77,-0.141585,497622278.260444,711049591.6064,28287.855,17591.3754599083,25136.2145205566
2012,"gtm","Guatemala","SICA",79,-0.154258,34946195.1923518,50377048.3983508,15082.831,2316.95198284406,3340.02604672497
2012,"per","Peru","AP",80,-0.182416,127541266.257528,204680561.446685,29987.8,4253.10513800706,6825.46106905758
2012,"omn","Oman","ARAB LEAGUE",84,-0.274069,45237685.4135384,78110793.2379714,3314.001,13650.4742797417,23569.9365322978
2012,"hnd","Honduras","SICA",87,-0.299633,12561376.6197636,18564227.6689277,7935.846,1582.86547140199,2339.28779224391
2012,"pry","Paraguay","MERCOSUR",88,-0.328799,11492477.9899533,25934587.2503182,6687.361,1718.53710154922,3878.14972906625
2012,"bol","Bolivia","CAN",89,-0.334567,13223279.263578,27035110.1671491,10496.285,1259.80566110562,2575.68369829412
2012,"mar","Morocco","ARAB LEAGUE",92,-0.369213,81434108.3058376,95991612.4162215,32521.143,2504.03586078871,2951.66785546933
2012,"ecu","Ecuador","CAN",95,-0.420489,55571689.7844984,87494698,15492.264,3587.06059905114,5647.63794368596
2012,"kwt","Kuwait","ARAB LEAGUE",103,-0.647475,95623486.3617804,183219310.563351,3250.496,29418.1215303081,56366.5700752596
2012,"ven","Venezuela","MERCOSUR",106,-0.69191,191916291.278716,382424454.339869,29954.782,6406.8665657028,12766.7246698664
2012,"qat","Qatar","ARAB LEAGUE",109,-0.763804,122337862.459138,192402499.225,2050.514,59662.0469107443,93831.3511758515
2012,"nic","Nicaragua","SICA",111,-0.789656,8086579.7393063,10507686.9395267,5991.733,1349.62284522797,1753.69745940393
2012,"khm","Cambodia","ASEAN",120,-0.936727,9983641.9326776,14038383.4501944,14864.646,671.636709860268,944.414246406837
2012,"hti","Haiti","CARICOM",123,-1.00475,4285846.3470215,7187299.8352509,10173.775,421.264117500289,706.453586328664
2012,"yem","Yemen","ARAB LEAGUE",124,-1.01709,21006113.607965,32830583.170864,23852.409,880.670527155769,1376.40534215492
2012,"mrt","Mauritania","ARAB LEAGUE",130,-1.22196,3044996.7533567,3865500.351335,3796.141,802.129518728809,1018.27101557476
2012,"sdn","Sudan","ARAB LEAGUE",133,-1.29334,34020171.4957808,NA,37195.349,914.635093107496,NA
2012,"irq","Iraq","ARAB LEAGUE",143,-2.2791,56940038.6132548,149369782.160967,32778.03,1737.14035325658,4557.00913572192
